pdf,pagina_fisica,pagina_logica,seccion,numero_carta_token,clase_contenido,extracto_fuente_breve
Fantasy Tokens.pdf,1,UNKNOWN,Portada,PAGE,material editorial,"Fantasy Tokens Sistema de Cartas Temáticas Juego de Cartas Temáticas sobre Fantasía, Mitología y Épica clásicas, así como de magia, esoterismo y criaturas fantásticas Erick Zanussem 15/04"
Fantasy Tokens.pdf,2,2,Índice / Reglas básicas,PAGE,material editorial / reglas generales,Índice REGLAS BÁSICAS (FT1) ................................................................................................................... 2 FANTASY TOKENS: EDICION ALPHA (FT 2) ..............
Fantasy Tokens.pdf,3,3,"Reglas básicas: objetivo, barajas, pasos, transmutación y turnos",PAGE,reglas generales,"problemas a un peligroso rival… se bajan con ""pasos"", o transmutando tokens de criatura. - Tokens de Recurso Rápido. Más baratas y menos sorprendentes que los tokens de evento, son el apoyo ideal"
Fantasy Tokens.pdf,4,4,Reglas básicas: fases del turno,PAGE,reglas generales,"siempre con Tokens de Criatura. Ahora, es el turno del oponente, en el que puede hacer lo mismo, pero el primer jugador ya dispone de ""bichos"" con los que ""bloquear"" a su adversario, y así hacer fre"
Fantasy Tokens.pdf,5,5,Fase legendaria / anatomía / reglas enumeradas,PAGE,reglas generales / reglas de formato,"- Fase Legendaria. De haber un token o naipe legendario en el tablero de juego (algo bastante probable en los últimos turnos de una partida), este se activa al final del todo en una fase adicional p"
Fantasy Tokens.pdf,6,6,Reglas enumeradas 3–9,PAGE,reglas generales,"lanzándose unas monedas o decidiendo de forma aleatoria quien comienza la ronda. Si alguien roba mas cartas de las que debe, las pondrá en el mazo, mezclara de nuevo este y robara de nuevo, pero est"
Fantasy Tokens.pdf,7,7,Reglas enumeradas 10–18,PAGE,reglas generales,"jugador pasivo puede responder o transmutar en resolución final. Después de esto, el primer jugador pasa a la Fase Pasiva, y el segundo jugador pasa a su Fase Activa. 10. En su Fase Pasiva, el juga"
Fantasy Tokens.pdf,8,8,Reglas enumeradas 18–21 / introducción Alpha,PAGE,reglas generales / políticas de torneo / material editorial,"derrotado, aunque puede jugar en ese instante Recursos Rápidos (o transmutarlos) para apilar efectos e impedirlo, aguantando así hasta el siguiente turno. Si una carta impide con sus efectos que el"
Fantasy Tokens.pdf,9,9,Edición Alpha: corpus de cartas,PAGE,texto de cartas,2. Goblin Primigenio. Edición Alpha. Coste/Fuerza: 1. Tipo: Token de Criatura. Habilidades: el Goblin Primigenio no puede ser trasmutado. Paga X pasos: sube X la Fuerza del Goblin Primigenio. Su cos
Fantasy Tokens.pdf,10,10,Edición Alpha: corpus de cartas,PAGE,texto de cartas,"15. El Fuego. Edición Alpha. Coste/Fuerza: 5. Tipo: Token de Evento. Efectos: cuando este naipe salga a juego, todas las criaturas bajo tu control ganan +1 a su Fuerza cuando son bloqueadas, aunque"
Fantasy Tokens.pdf,11,11,Edición Alpha: corpus de cartas,PAGE,texto de cartas,"28. Libélula Primigenia. Edición Alpha. Coste/Fuerza: 6. Tipo: Token de Criatura. Habilidades: la Libélula Primigenia ataca 2 veces en cada turno, y tiene la habilidad de Vuelo. 29. Sabio Homínido"
Fantasy Tokens.pdf,12,12,Edición Alpha: corpus de cartas,PAGE,texto de cartas,"41. Chaman Cavernario. Edición Alpha. Coste/Fuerza: 5. Tipo: Token de Criatura. Habilidades: esta carta tiene la habilidad de girar la carta, busca una carta de Recurso Rápido y ponla en tu mano, ba"
Fantasy Tokens.pdf,13,13,Edición Alpha: corpus de cartas,PAGE,texto de cartas,"Descartes, en vez de eso, reduce en -1 su Fuerza y regrésalo al juego en el siguiente turno. No puede ser transmutado. 54. Australopitecos. Edición Alpha. Coste/Fuerza: 10. Tipo: Token de Criatura."
Fantasy Tokens.pdf,14,14,Edición Alpha: corpus de cartas,PAGE,texto de cartas,"habilidad: girar esta carta, sacrificar el Homínido Salvaje, destruye el Evento o Equipo objetivo. 69. Adán, el Primer Hombre. Edición Alpha. Coste/Fuerza: 5. Tipo: Token de Criatura. Habilidades"
Fantasy Tokens.pdf,15,15,Edición Alpha: corpus de cartas,PAGE,texto de cartas,"tú y tu oponente todas las Heridas, robáis seis cartas. Remueve esta carta a la Pila de Descartes. 82. Rey de los Trasgos. Edición Alpha. Coste/Fuerza: 20. Tipo: Token de Criatura. Habilidade"
Fantasy Tokens.pdf,16,16,Edición Alpha: corpus de cartas,PAGE,texto de cartas,"93. Lagrimas del Paraíso. Edición Alpha. Coste/Fuerza: 20. Tipo: Token de Evento. Efectos: cuando esta carta entre en juego, endereza todas tus criaturas, gana 10 pasos y pierdes o sufres 10 Heridas"
Fantasy Tokens.pdf,17,17,Introducción Beta / corpus de cartas,PAGE,material editorial / texto de cartas,"siguiente habilidad: gira esta carta, pagar x pasos, busca en tu baraja x cartas del tipo elegido y ponlas en tu mano. Baraja tu mazo."" FANTASY TOKEN: EDICION BETA (FT3) ""En esta segunda edición,"
Fantasy Tokens.pdf,18,18,Edición Beta: corpus de cartas,PAGE,texto de cartas,"infringe 3 Heridas a la criatura o jugador objetivo, descártate de una carta. El Elfo no puede ser transmutado de ninguna manera. 10. Duende Eterno. Edición Beta. Coste/Fuerza: 1. Tipo: Token de Cr"
Fantasy Tokens.pdf,19,19,Edición Beta: corpus de cartas,PAGE,texto de cartas,se gira al atacar y obtiene +2 a su Fuerza por cada criatura bloqueada. Sigue siendo una carta con el mismo coste en pasos. 23. Pinturas Rupestres. Edición Beta. Coste/Fuerza: 5. Tipo: Token de Eve
Fantasy Tokens.pdf,20,20,Edición Beta: corpus de cartas,PAGE,texto de cartas,37. Anulación. Edición Beta. Coste/Fuerza: 3. Tipo: Recurso Rápido. Efectos: la Transmutación objetivo no tiene lugar. Remueve esta carta a la Pila de Descartes. 38. Nigromancia. Edición Beta. Cost
Fantasy Tokens.pdf,21,21,Edición Beta: corpus de cartas,PAGE,texto de cartas,"costes hayas enviado a las Pilas de Descartes, pierde tantas Heridas (o sufre) como pasos obtengas. Remueve esta carta a la Pila de Descartes. 51. Ángel del Tiempo. Edición Beta. Coste/Fuerza: 20."
Fantasy Tokens.pdf,22,22,Edición Beta: corpus de cartas,PAGE,texto de cartas,"65. Espada Runa Bronceada. Edición Beta. Coste/Fuerza: 20. Tipo: Token de Equipo. Efectos: equipar a Runa Bronceada cuesta 0 pasos, y la criatura objetivo obtiene +10 su Fuerza. Pagar 10, desanexa"
Fantasy Tokens.pdf,23,23,Edición Beta: corpus de cartas,PAGE,texto de cartas,"77. Mano Presa Cuellos. Edición Beta. Coste/Fuerza: 3. Tipo: Token de Criatura. Habilidades: la Mano Presa Cuellos se anexa a la criatura del oponente objetivo cuando sale a juego, y si no, a una de"
Fantasy Tokens.pdf,24,24,Edición Beta: corpus de cartas,PAGE,texto de cartas,"89. Abnegación Final. Edición Beta. Coste/Fuerza: 20. Tipo: Token de Evento. Efectos: cuando este naipe salga a juego, todos los jugadores cuentan el número total de cartas en su Pila de Descartes."
Fantasy Tokens.pdf,25,25,Edición Beta: corpus de cartas,PAGE,texto de cartas,"99. Pluma de Fénix. Edición Beta. Coste/Fuerza: 0. Tipo: Token Legendario. Efectos: mandar la Pluma de Fénix a la Pila: recupera todas tus Heridas, vacía tu Reserva de pasos. 100. Palabras de"
Fantasy Tokens.pdf,26,26,Edición Beta: corpus de cartas,PAGE,texto de cartas,"disminuye en 5 la Fuerza de la criatura objetivo hasta el final del turno. Si el Guerrero es girado de alguna forma, envíalo a la Pila de Descartes. 113. El Pastor. Edición Beta. Coste/Fuerz"
Fantasy Tokens.pdf,27,27,Edición Beta: corpus de cartas,PAGE,texto de cartas,"127. Enano Escudo Pétreo. Edición Beta. Coste/Fuerza: 10. Tipo: Token de Criatura. Habilidades: esta carta reduce en 3 todas las Heridas recibidas en la fase de combate, o por medio de Eventos o Rec"
Fantasy Tokens.pdf,28,28,Edición Beta / introducción a mazos promocionales,PAGE,texto de cartas / material editorial,140. Fósil Antiguo. Edición Beta. Coste/Fuerza: 10. Tipo: Token de Evento. Efectos: pagar 10 pasos: transforma este token en una criatura Reptil Antiguo de Fuerza 20 hasta el final del turno. 141.
Fantasy Tokens.pdf,29,29,"Mazos promocionales: reglas, Primigenios y Chamanería Tribal",PAGE,reglas de formato / ejemplos,"aparezcan en los mazos iniciales o ""promo"", y si en las cajas temáticas de su tirada correspondiente. Estos mazos están todos calibrados a un número fijo de coste en ""pasos"" de baraja, así que no es"
Fantasy Tokens.pdf,30,30,"Mazos promocionales: Chamanería Tribal, Fuerza Mítica y Goblins/Trasgos",PAGE,ejemplos,"5 Amuleto de Huesos 20 5 Tormenta 15 1 el Fuego 5 5 Rayo de Tormenta 10 3 Pinturas Rupestres 15 1 Runa Antigua 5 2 Sabio Homínido 10 MAZO 3: FUERZA MITICA Pixies, Hadas, Duendes y Elfos so"
Fantasy Tokens.pdf,31,31,Mazos promocionales: Goblins/Trasgos y Génesis,PAGE,ejemplos,"5 Piojo Antiguo 5 1 Rey de los Trasgos 20 1 Cánticos Chamánicos 0 MAZO 5: GENESIS Antes de que los primeros homínidos pisasen el mundo, antes de la mismísima Noche de los Tiempos, el Creador"
Fantasy Tokens Edicion Mitica.pdf,1,UNKNOWN,Portada,PAGE,material editorial,"Fantasy Tokens Edición Mítica Nuevas Reglas Básicas y actualizaciones para el juego de cartas Fantasy Tokens, incluyendo nuevos tipos de formato y colección de cartas 13-6-2018"
Fantasy Tokens Edicion Mitica.pdf,2,1,Índice / Introitos: cambios de formato,PAGE,material editorial / reglas de formato / políticas de torneo,Índice INTROITOS ................................ ................................ ................................ ................................ 1 EDICION MITICA ...............................
Fantasy Tokens Edicion Mitica.pdf,3,2,"Introitos: torneo, impresión, drenaje y nuevos tipos",PAGE,políticas de torneo / reglas de formato / reglas generales,"- Torneos, presentaciones, construcciones, drafts, etc. Serán todos ellos legales y competitivos a partir de la edición mítica y formato mística, quedándose clásico fuera del circuito regional o loc"
Fantasy Tokens Edicion Mitica.pdf,4,3,Desafío / introducción y corpus Mítica,PAGE,reglas generales / material editorial / texto de cartas,"- Los Señores de los Reinos, que son los reyes y héroes legendarios terrenales, pudiéndose transformar en imponentes criaturas con capacidad de atacar, bloquear y hasta usar habilidades especiales y"
Fantasy Tokens Edicion Mitica.pdf,5,4,Edición Mítica: corpus de cartas,PAGE,texto de cartas,"- Pixie Melancólica. (nº008. Edición Mítica). Tipo: Token de Criatura. Coste/Fuerza: 5. ""Vuelo. Pagar 2 Heridas: roba una carta en tu Fase Activa. Pagar 5 Heridas: el jugador objetivo se descarta de"
Fantasy Tokens Edicion Mitica.pdf,6,5,Edición Mítica: corpus de cartas,PAGE,texto de cartas,"- Rayo de Zorchang. (nº020. Edición Mítica). Tipo: Recurso Rápido. Coste: 10. ""Infringe 5 Heridas a la criatura objetivo, reduce su Fuerza en 5. Remueve esta carta a la Pila de Descartes."" - Escudo"
Fantasy Tokens Edicion Mitica.pdf,7,6,Edición Mítica: corpus de cartas,PAGE,texto de cartas,"baraja mazo y mano del jugador y envía todas las copias fuera de juego. No pueden ser transmutadas o recuperadas de ninguna manera. Manda esta carta a la Pila."" - Golpe Karmico. (nº034. Edición Míti"
Fantasy Tokens Edicion Mitica.pdf,8,7,Edición Mítica: corpus de cartas,PAGE,texto de cartas,"- Música de las Esferas. (nº046. Edición Mítica). Tipo: Token de Evento. Coste: 10. ""Cuando esta carta entre en juego, busca 5 cartas al azar de tu mazo de recursos volteadas, elige tres, ponlas en"
Fantasy Tokens Edicion Mitica.pdf,9,8,Edición Mítica: corpus de cartas,PAGE,texto de cartas,"Recurso Rápido de tu mazo de Recursos y juégala sin pagar su coste, pierdes 5 Heridas."" - Orco Anciano. (nº058. Edición Mítica). Tipo: Token de Criatura. Coste/Fuerza: 10. ""El Orco Anciano no se gi"
Fantasy Tokens Edicion Mitica.pdf,10,9,Edición Mítica: corpus de cartas,PAGE,texto de cartas,"- El Nigromante. (nº071. Edición Mítica). Tipo: Token de Criatura. Coste/Fuerza: 10. ""Siempre que una criatura fuera a ir a la Pila de Descartes, puedes pagar 5 Pasos: pon bajo tu control una ficha"
Fantasy Tokens Edicion Mitica.pdf,11,10,Edición Mítica: corpus de cartas,PAGE,texto de cartas,"- Gema de la Tormenta. (nº084. Edición Mítica). Tipo: Evento. Coste: 5. ""La Gema de la Tormenta es Indestructible. En cada Fase de Mantenimiento, infringe tres Heridas a la criatura o jugador objeti"
Fantasy Tokens Edicion Mitica.pdf,12,11,Edición Mítica: corpus de cartas,PAGE,texto de cartas,"objetivo, roba una carta por Herida letal o criatura destruida de esta forma. Pagar 10 de Fuerza: mira las diez primeras cartas del jugador objetivo, colócalas en cualquier orden. Pagar cinco Herida"
Fantasy Tokens Edicion Mitica.pdf,13,12,Edición Mítica: corpus de cartas,PAGE,texto de cartas,"10 de Fuerza: Akeless se transforma en una Aberración de fuerza restante hasta el final del turno activo. Pagar 20 de Fuerza: no existe Fase de robo, enderezar o mantenimiento o descarte, pierdes es"
Fantasy Tokens Edicion Mitica.pdf,14,13,Edición Mítica: corpus de cartas,PAGE,texto de cartas,"llamada Odrick Barba Azul está en juego, búscala de tu mazo y ponla en juego sin pagar su coste. +5 a todos los Humanos, Enanos y Bárbaros."" - Garruck, Colmillo Furioso. (nº128. Edición Mítica). Tip"
Fantasy Tokens Edicion Mitica.pdf,15,14,Edición Mítica: corpus de cartas,PAGE,texto de cartas,"propiedades del Payasito Oscuro. Transmutar a Sebastiano: pon en juego tres Payasitos Oscuros, pierdes quince Heridas."" - Ángel de la Guarda. (nº140. Edición Mítica). Tipo: Token de Criatura. Coste/"
Fantasy Tokens Edicion Mitica.pdf,16,15,Edición Mítica: corpus de cartas,PAGE,texto de cartas,"- Ninfa Naturista. (nº153. Edición Mítica). Tipo: Token de Criatura. Coste/Fuerza: 10. ""Cuando esta carta entre en el tablero de juego, se convierte en un permanente Indestructible. No existe Fase d"
Fantasy Tokens Edicion Mitica.pdf,17,16,Edición Mítica: corpus de cartas,PAGE,texto de cartas,"- Monje Meditando. (nº166. Edición Mítica). Tipo: Token de Criatura. Coste/Fuerza: 5. ""El Monje Meditando es inmune a Eventos, pero no puede atacar ni bloquear."" - Monje Sabio. (nº167. Edición Míti"
Fantasy Tokens Edicion Mitica.pdf,18,17,Edición Mítica: corpus de cartas,PAGE,texto de cartas,"- Aberración Visionaria. (nº178. Edición Mítica). Tipo: Token de Criatura. Coste/Fuerza: 10. ""La Aberración entra en juego girada. Girar esta carta: el jugador objetivo descarta una carta, pierdes u"
Fantasy Tokens.pdf,2,2,Reglas básicas — tipos de token,NORM-BASE-TIPOS,reglas generales,"Inicialmente, hemos de distinguir entre los tipos y subtipos de cartas"
Fantasy Tokens.pdf,3,3,"Objetivo, heridas y concesión",NORM-BASE-OBJETIVO,reglas generales,"El objetivo del juego es bien claro: se dispone de una baraja de criaturas, equipos, eventos o recursos"
Fantasy Tokens.pdf,3,3,Construcción y equivalencia de barajas,NORM-BASE-BARAJAS,reglas de formato,"Una baraja debe limitarse a un número reducido de puntos o ""pasos"""
Fantasy Tokens.pdf,3,3,Transmutación,NORM-BASE-TRANSMUTACION,reglas generales,"Se pueden mandar naipes ya en juego (normalmente criaturas, equipos y eventos) a la ""pila de descartes"""
Fantasy Tokens.pdf,3,3,Preparación y turnos,NORM-BASE-TURNOS,reglas generales,"El juego se divide en turnos de acción, y estos a su vez en fases"
Fantasy Tokens.pdf,4,4,Fase de Robo,NORM-BASE-FASE-ROBO,reglas generales,"Al comienzo del turno, el jugador roba una carta (si puede) del mazo de recursos"
Fantasy Tokens.pdf,4,4,Fase de Mantenimiento,NORM-BASE-FASE-MANTENIMIENTO,reglas generales,"el primer jugador puede enderezar (poner derechos) sus cartas giradas, recibiendo cinco pasos adicionales"
Fantasy Tokens.pdf,4,4,Fase de Efectos,NORM-BASE-FASE-EFECTOS,reglas generales,"pueden gastarse ""pasos"" para bajar Criaturas, realizar transmutaciones o jugar Recursos Rápidos, Equipos y Eventos"
Fantasy Tokens.pdf,4,4,Fase de Combate,NORM-BASE-FASE-COMBATE,reglas generales,"se puede atacar al oponente objetivo, causándole un numero de Heridas determinado"
Fantasy Tokens.pdf,4,4,Fase de Descarte,NORM-BASE-FASE-DESCARTE,reglas generales,"Si el primer jugador posee en su mano más de seis cartas, entonces debe quitarse tantas de ellas como supere en número al límite permitido"
Fantasy Tokens.pdf,5,5,Fase Legendaria,NORM-BASE-FASE-LEGENDARIA,reglas generales,De haber un token o naipe legendario en el tablero de juego
Fantasy Tokens.pdf,5,5,Estructura física de las cartas,NORM-BASE-ESTRUCTURA,reglas de formato,"Las cartas o naipes, poseen la siguiente estructura o partes principales"
Fantasy Tokens.pdf,5,5,Regla básica enumerada 1,NORM-BASE-01,reglas de formato,"1. Los Pasos totales de la baraja de cada jugador deben ser equivalentes, es decir, la suma de los costes en total de todas las cartas no debe superar o estar por debajo del coste en total de las restantes barajas, sin"
Fantasy Tokens.pdf,5,5,Regla básica enumerada 2,NORM-BASE-02,reglas de formato,"2. Al inicio de la partida, ambos jugadores o todos los participantes deben comenzar con el mismo número de Heridas, o acordar un límite máximo de las mismas que puedan recibir antes de perder la partida, y ponerse de"
Fantasy Tokens.pdf,5,5,Regla básica enumerada 3,NORM-BASE-03,reglas generales,"3. Al inicio de la partida, cada jugador baraja su mazo tantas veces como sea necesario, para asegurar que este sea lo más aleatorio posible (y así, se evitan casualidades demasiado frecuentes, como manos idénticas en"
Fantasy Tokens.pdf,6,6,Regla básica enumerada 4,NORM-BASE-04,reglas generales,"4. Si un jugador, en su fase inicial de partida, obtiene una mano que no le satisface demasiado, puede descartarse de ella, mezclarla con su baraja y robar de nuevo hasta cinco cartas. Si esta mano tampoco resulta buen"
Fantasy Tokens.pdf,6,6,Regla básica enumerada 5,NORM-BASE-05,reglas generales,"5. En su fase activa, si el jugador dispone de algún permanente que le permita robar más de una carta o algún Recurso Rápido que lo añada como efecto, puede hacerlo siempre que disponga de ""pasos"" suficientes en su Res"
Fantasy Tokens.pdf,6,6,Regla básica enumerada 6,NORM-BASE-06,reglas generales,"6. En su fase activa, un jugador endereza sus permanentes durante la Fase de Mantenimiento, recibiendo hasta cinco pasos para gastar, acumulándolos en su Reserva de Pasos. El oponente puede pagar o transmutar Recursos"
Fantasy Tokens.pdf,6,6,Regla básica enumerada 7,NORM-BASE-07,reglas generales,"7. En su fase activa, un jugador gastara ""pasos"" en Criaturas, Eventos y Equipos, los cuales estarán en activo nada más ser bajados al tablero de juego, vaciando así su Reserva, e incluso reforzar esto con naipes de Re"
Fantasy Tokens.pdf,6,6,Regla básica enumerada 8,NORM-BASE-08,reglas generales,"8. En su Fase de Combate, el primer jugador elige cuantas criaturas atacan al jugador pasivo, girándolas para indicar que han realizado dicha acción, es decir, exhaustándolas, por lo que no podrán bloquear durante la f"
Fantasy Tokens.pdf,6,6,Regla básica enumerada 9,NORM-BASE-09,reglas generales,"9. En su Fase de Descarte, el jugador activo puede descartarse de tantos naipes a su elección como exceda el límite por encima de seis tokens, quedándose con aquellos que más le interesen, el resto, va a la Pila de Des"
Fantasy Tokens.pdf,7,7,Regla básica enumerada 10,NORM-BASE-10,reglas generales,"10. En su Fase Pasiva, el jugador no puede robar, bajar cartas de Criatura, Eventos o Equipo (a no ser que posean una caja de texto que así lo permita) ni enderezar los permanentes que ya hayan sido girados en la Fase"
Fantasy Tokens.pdf,7,7,Regla básica enumerada 11,NORM-BASE-11,reglas generales,"11. Cuando un jugador (activo o pasivo) aplica en el tablero de juego algún token rápido o de otro tipo o lo transmuta, el oponente puede también jugar una respuesta, y así hasta gastar ambos todas sus Reservas de ""pas"
Fantasy Tokens.pdf,7,7,Regla básica enumerada 12,NORM-BASE-12,reglas generales,"12. Un permanente exhaustado o girado, tan solo se endereza de manera normal mediante la Fase de Mantenimiento, durante la fase activa de un jugador. También pueden usarse habilidades o tokens rápidos, o Eventos que pe"
Fantasy Tokens.pdf,7,7,Regla básica enumerada 13,NORM-BASE-13,reglas generales,"13. Los Equipos que salen a juego, permanecen en el tablero de juego aunque la criatura que los usaba sea destruida o removida a la Pila de Descartes. Para ""equipar"" a una criatura, ha de pagarse un numero de ""pasos"" i"
Fantasy Tokens.pdf,7,7,Regla básica enumerada 14,NORM-BASE-14,reglas generales,"14. Si una criatura posee alguna habilidad que para ser jugada implica girarla o exhaustarla, esta no podrá atacar en la Fase de Combate, a menos que algún permanente o token rápido pueda enderezarla antes de declarar"
Fantasy Tokens.pdf,7,7,Regla básica enumerada 15,NORM-BASE-15,reglas generales,"15. Las fases legendarias corresponden tan solo al final de la Fase Activa de un jugador y antes de la Fase de Descarte. Sus efectos se aplican de inmediato en el tablero de juego, apilándose sobre los permanentes indi"
Fantasy Tokens.pdf,7,7,Regla básica enumerada 16,NORM-BASE-16,reglas generales,"16. Si el texto de una carta o naipe contradice en algo alguna de las reglas básicas del juego, se aplicara finalmente el texto, siempre y cuando el oponente no apile efectos de otras, con lo que deberá resolverse segú"
Fantasy Tokens.pdf,7,7,Regla básica enumerada 17,NORM-BASE-17,reglas generales,"17. Un jugador no puede jugar tokens si su Reserva de Pasos está vacía, pero si puede transmutar tokens para rellenarla, guardando estos recursos o usándolos como le convenga, pero si el oponente juega tokens que le im"
Fantasy Tokens.pdf,7,7,Regla básica enumerada 18,NORM-BASE-18,reglas generales,"18. Si un jugador ha llegado al Límite de Heridas, y juega en ese momento un token rápido que le permite recuperarse del daño recibido en parte, entonces no habrá perdido la partida, pero si el oponente juega un token"
Fantasy Tokens.pdf,8,8,Regla básica enumerada 19,NORM-BASE-19,reglas generales,"19. Las cartas o tokens permanentes, con la caja de texto indestructible, no pueden ser enviados a la Pila de Descartes desde el tablero de juego, pero si descartados de la mano, o buscados de una baraja y enviados de"
Fantasy Tokens.pdf,8,8,Regla básica enumerada 20,NORM-BASE-20,políticas de torneo,"20. La mano de un jugador nunca puede estar a la vista de un oponente, ni las cartas del mazo boca arriba, sino boca abajo, a no ser que los efectos de algún token permitan ver la baraja de un jugador o su mano, algo q"
Fantasy Tokens.pdf,8,8,Regla básica enumerada 21,NORM-BASE-21,reglas de formato,"21. El número máximo de copias de una misma carta o token es de cinco si es común, y de cuatro si es legendario."""
Fantasy Tokens.pdf,8,8,Introducción de Edición Alpha,EDITORIAL-ALPHA,material editorial,"En esta edición, nos cuidaremos de elaborar una lista de cartas básicas y bastante jugables"
Fantasy Tokens.pdf,8,8,Estado de campeonatos y restricciones en Alpha,POLICY-ALPHA,políticas de torneo,en los campeonatos y exhibiciones no habrá prohibiciones de cartas determinadas
Fantasy Tokens.pdf,17,17,Introducción de Edición Beta,EDITORIAL-BETA,material editorial,"En esta nueva ampliación, se añade una nueva lista de naipes o tokens"
Fantasy Tokens.pdf,28,28,Introducción a mazos promocionales,FORMAT-PROMO,reglas de formato,"Los mazos promocionales de ""Fantasy Tokens"" son barajas ya preconstruidas"
Fantasy Tokens.pdf,29,29,Mazo promocional 1: Primigenios,EXAMPLE-DECK-1,ejemplos,MAZO 1: PRIMIGENIOS
Fantasy Tokens.pdf,29,29,Mazo promocional 2: Chamanería Tribal,EXAMPLE-DECK-2,ejemplos,MAZO 2: CHAMANERÍA TRIBAL
Fantasy Tokens.pdf,30,30,Mazo promocional 3: Fuerza Mítica,EXAMPLE-DECK-3,ejemplos,MAZO 3: FUERZA MÍTICA
Fantasy Tokens.pdf,30,30,Mazo promocional 4: Goblins/Trasgos,EXAMPLE-DECK-4,ejemplos,MAZO 4: GOBLINS/TRASGOS
Fantasy Tokens.pdf,31,31,Mazo promocional 5: Génesis,EXAMPLE-DECK-5,ejemplos,MAZO 5: GÉNESIS
Fantasy Tokens Edicion Mitica.pdf,2,1,Aplicabilidad competitiva de las nuevas normas,NORM-MITICA-VIGENCIA,políticas de torneo,"Estas nuevas normas estarán vigentes y obligatoriamente fijadas para torneos, presentaciones, competiciones oficiales"
Fantasy Tokens Edicion Mitica.pdf,2,1,Tamaño y puntos de baraja,NORM-MITICA-BARAJA,reglas de formato,"Los mazos serán de un mínimo de 40 cartas, siendo el cómputo de puntos de Recursos de 200 puntos por baraja y jugador"
Fantasy Tokens Edicion Mitica.pdf,2,1,"Copias, legendarias y coste cero",NORM-MITICA-COPIAS,reglas de formato,"Se permitirán hasta cinco copias de una misma carta si no es ""legendaria"", de cuatro si es ""legendaria"""
Fantasy Tokens Edicion Mitica.pdf,2,1,Formato clásico,NORM-MITICA-CLASICO,reglas de formato,"El formato clásico, permite cartas de todas las ediciones, incluyendo ""Alfa"" y ""Beta"""
Fantasy Tokens Edicion Mitica.pdf,2,1,Formato mística,NORM-MITICA-FORMATO,reglas de formato,"El formato mística, permite solamente cartas a partir de la edición mítica"
Fantasy Tokens Edicion Mitica.pdf,2,1,Ajuste de barajas,NORM-MITICA-AJUSTE,reglas de formato,"Las reglas de ajuste de barajas por puntos o coste en ""Pasos"" siguen inalterables"
Fantasy Tokens Edicion Mitica.pdf,3,2,Legalidad competitiva,NORM-MITICA-LEGALIDAD,políticas de torneo,"Torneos, presentaciones, construcciones, drafts, etc. Serán todos ellos legales y competitivos a partir de la edición mítica"
Fantasy Tokens Edicion Mitica.pdf,3,2,Legibilidad e impresión de cartas,NORM-MITICA-IMPRESION,políticas de torneo,Las reglas sobre construcción de mazos y/o impresión de cartas o Tokens seguirán exigiendo que los textos de las mismas y costes estén claros
Fantasy Tokens Edicion Mitica.pdf,3,2,Drenaje,NORM-MITICA-DRENAJE,reglas generales,"Se introduce una nueva habilidad universal, parecida a la ""transmutación"", que seguirá vigente y se empleará a partir de ""mística"", llamada ""drenaje"""
Fantasy Tokens Edicion Mitica.pdf,3,2,Token Legendarios y subtipos,NORM-MITICA-LEGENDARIOS,reglas generales,"Los Token Legendarios, tendrán un subtipo de carta a partir del acrónimo original"
Fantasy Tokens Edicion Mitica.pdf,3,2,Token Divinos,NORM-MITICA-DIVINOS,reglas generales,"Los Token Divinos, tendrán un subtipo igualmente claro y definido"
Fantasy Tokens Edicion Mitica.pdf,3,2,Señores del Abismo,NORM-MITICA-ABISMO,reglas generales,"Los Señores del Abismo, son un nuevo tipo de Token de criatura muy potente"
Fantasy Tokens Edicion Mitica.pdf,3,2,Señores del Eliseo,NORM-MITICA-ELISEO,reglas generales,"Los Señores del Eliseo, con idénticas propiedades, pero representan a las ""fuerzas de la Luz"""
Fantasy Tokens Edicion Mitica.pdf,3,2,Señores de la Magia,NORM-MITICA-MAGIA,reglas generales,"Los Señores de la Magia, un símil de los dos anteriores, pero de facción neutral"
Fantasy Tokens Edicion Mitica.pdf,4,3,Señores de los Reinos,NORM-MITICA-REINOS,reglas generales,"Los Señores de los Reinos, que son los reyes y héroes legendarios terrenales"
Fantasy Tokens Edicion Mitica.pdf,4,3,Desafío,NORM-MITICA-DESAFIO,reglas generales,"La regla universal de ""desafío"", solo puede activarse en la Fase Activa de cada jugador"
Fantasy Tokens Edicion Mitica.pdf,4,3,Introducción de Edición Mítica,EDITORIAL-MITICA,material editorial,"Sin más preámbulos, pasamos a detallar las cartas pertenecientes a esta edición"
Fantasy Tokens Edicion Mitica.pdf,4,3,Licencia de uso indicada por la fuente,EDITORIAL-MITICA-LICENCIA,material editorial,"Solo para uso personal, queda prohibida su comercialización y/o venta por parte de terceros o con ánimo de lucro"
Fantasy Tokens.pdf,8,8,Edición Alpha,ALPHA-001,texto de cartas,"1. La Criatura. Edición Alpha. Coste/Fuerza: 1. Tipo: Token de Criatura. Habilidades: girar esta carta, el token de criatura objetivo obtiene +1 a su Fuerza hasta el final del turno. Ambas criaturas siguen siendo de su mismo coste aunque se"
Fantasy Tokens.pdf,9,9,Edición Alpha,ALPHA-002,texto de cartas,2. Goblin Primigenio. Edición Alpha. Coste/Fuerza: 1. Tipo: Token de Criatura. Habilidades: el Goblin Primigenio no puede ser trasmutado. Paga X pasos: sube X la Fuerza del Goblin Primigenio. Su coste en pasos sigue siendo el mismo que el b
Fantasy Tokens.pdf,9,9,Edición Alpha,ALPHA-003,texto de cartas,3. Pixy del Edén. Edición Alpha. Coste/Fuerza: 1. Tipo: Token de Criatura. Habilidades: el Pixy del Edén reduce a 0 todo el daño de combate recibido este turno por tokens de tipo criatura.
Fantasy Tokens.pdf,9,9,Edición Alpha,ALPHA-004,texto de cartas,"4. Duende Primigenio. Edición Alpha. Coste/Fuerza: 2. Tipo: Token de Criatura. Habilidades: el Duende Primigenio consume 1 paso de tu Reserva en cada turno. Al transmutar el Duende Primigenio, gana 2 pasos más tantos como haya consumido ést"
Fantasy Tokens.pdf,9,9,Edición Alpha,ALPHA-005,texto de cartas,5. Hada Primigenia. Edición Alpha. Coste/Fuerza: 2. Tipo: Token de Criatura. Habilidades: girar el Hada Primigenia. Suma 1 a tu Reserva de Pasos. Vuelo: el Hada Primigenia no puede ser bloqueada por criaturas terrestres sin esta habilidad.
Fantasy Tokens.pdf,9,9,Edición Alpha,ALPHA-006,texto de cartas,"6. El Primigenio. Edición Alpha. Coste/Fuerza: 5. Tipo: Token de Criatura. Habilidades: cuando el Primigenio entre en juego, gira todas tus criaturas, además, de las oponente objetivo. Girar el Primigenio: endereza o gira tantas criaturas o"
Fantasy Tokens.pdf,9,9,Edición Alpha,ALPHA-007,texto de cartas,7. Centauro Primigenio. Edición Alpha. Coste/Fuerza: 2. Tipo: Token de Criatura. Habilidades: Estampida. El Centauro Primigenio obtiene +1 a su Fuerza por cada otra criatura primigenia que poseas en juego.
Fantasy Tokens.pdf,9,9,Edición Alpha,ALPHA-008,texto de cartas,"8. Génesis. Edición Alpha. Coste/Fuerza: 10. Tipo: Token Evento. Efectos: cuando el Génesis salga a juego, todas las criaturas bajo tu control son ahora criaturas primigenias. Pagar 1 paso: saca a juego una criatura de tu mano sin gastar tu"
Fantasy Tokens.pdf,9,9,Edición Alpha,ALPHA-009,texto de cartas,"9. Homínido Primigenio. Edición Alpha. Coste/Fuerza: 5. Tipo: Token de Criatura. Habilidades: el Homínido Primigenio no se gira al atacar. Gira al Homínido Primigenio: destruye la criatura primigenia objetivo. Si esta girado, el Homínido no"
Fantasy Tokens.pdf,9,9,Edición Alpha,ALPHA-010,texto de cartas,10. Cuchillo de Sílex. Edición Alpha. Coste/Fuerza: 3. Tipo: Token de Equipo. Efectos: la criatura equipada obtiene un +2 a su Fuerza. El Cuchillo de Sílex no puede ser transmutado.
Fantasy Tokens.pdf,9,9,Edición Alpha,ALPHA-011,texto de cartas,"11. Lanza de Madera. Edición Alpha. Coste/Fuerza: 2. Tipo: Token de Equipo. Efectos: la criatura equipada obtiene +2 a su Fuerza. Gira la Lanza, sepárala de la criatura equipada, infringe 2 puntos de Heridas al jugador o criatura objetivo."
Fantasy Tokens.pdf,9,9,Edición Alpha,ALPHA-012,texto de cartas,"12. Elfo Primigenio. Edición Alpha. Coste/Fuerza: 2. Tipo: Token de Criatura. Habilidades: a la hora de recibir el daño de combate, esta criatura obtiene +2 a su Fuerza por cada criatura bloqueada. Sigue siendo una carta del mismo coste ori"
Fantasy Tokens.pdf,9,9,Edición Alpha,ALPHA-013,texto de cartas,"13. Amuleto de Huesos. Edición Alpha. Coste/Fuerza: 5. Tipo: Token de Evento. Efectos: cuando el Amuleto de Huesos salga a juego, prevén todo el daño de combate recibido este turno. Manda esta carta a la Pila de Descartes."
Fantasy Tokens.pdf,9,9,Edición Alpha,ALPHA-014,texto de cartas,"14. Tormenta. Edición Alpha. Coste/Fuerza: 3. Tipo: Token de Evento. Efectos: cuando esta carta salga a juego, gira X criaturas objetivo, donde X es igual al número de permanentes que tengas en juego, hasta el final del turno, después, mand"
Fantasy Tokens.pdf,10,10,Edición Alpha,ALPHA-015,texto de cartas,"15. El Fuego. Edición Alpha. Coste/Fuerza: 5. Tipo: Token de Evento. Efectos: cuando este naipe salga a juego, todas las criaturas bajo tu control ganan +1 a su Fuerza cuando son bloqueadas, aunque siguen teniendo los mismos pasos al ser tr"
Fantasy Tokens.pdf,10,10,Edición Alpha,ALPHA-016,texto de cartas,16. Rayo de Tormenta. Edición Alpha. Coste/Fuerza: 2. Tipo: Recurso Rápido. Efectos: el Rayo de Tormenta causa 2 Heridas a la criatura o jugador objetivo. Pagar 1 paso: añade 3 Heridas adicionales. Remueve esta carta a la Pila de Descartes.
Fantasy Tokens.pdf,10,10,Edición Alpha,ALPHA-017,texto de cartas,17. Danza Tribal. Edición Alpha. Coste/Fuerza: 5. Tipo: Recurso Rápido. Efectos: todas las criaturas ganan +1 a su Fuerza mientras permanezcan bajo tu control hasta el final del turno. Remueve esta carta a la Pila de Descartes.
Fantasy Tokens.pdf,10,10,Edición Alpha,ALPHA-018,texto de cartas,"18. Arco y Flechas. Edición Alpha. Coste/Fuerza: 2. Tipo: Token de Equipo. Efectos: la criatura equipada posee la habilidad de Disparo: girar la carta equipada, infringe a la criatura o jugador objetivo un numero de Heridas igual a su Fuerz"
Fantasy Tokens.pdf,10,10,Edición Alpha,ALPHA-019,texto de cartas,"19. Dia de Truque. Edición Alpha. Coste/Fuerza: 2. Tipo: Recurso Rápido. Efectos: cuando este naipe entre en el tablero de juego, intercambia el control de 1 Equipo por cada paso que poseas en tu Reserva y quieras gastar. Manda esta carta a"
Fantasy Tokens.pdf,10,10,Edición Alpha,ALPHA-020,texto de cartas,"20. Pinturas Rupestres. Edición Alpha. Coste/Fuerza: 5. Tipo: Token de Evento. Efectos: cuando esta carta entre a juego, pon en el tablero hasta X fichas de Búfalo europeo de Fuerza 5 por cada criatura que mandes a la Pila de Descartes. Rem"
Fantasy Tokens.pdf,10,10,Edición Alpha,ALPHA-021,texto de cartas,"21. Runa Antigua. Edición Alpha. Coste/Fuerza: 5. Tipo: Token de Evento. Efectos: la Runa Antigua es un permanente que posee la siguiente habilidad: girar la Runa Antigua, gira o endereza el permanente objetivo."
Fantasy Tokens.pdf,10,10,Edición Alpha,ALPHA-022,texto de cartas,22. Cacería. Edición Alpha. Coste/Fuerza: 10. Tipo: Token de Evento. Efectos: todas las criaturas ganan +1 a su Fuerza y no pueden ser afectadas por Recursos Rápidos hasta el final del turno. Remueve esta carta a la Pila de Descartes.
Fantasy Tokens.pdf,10,10,Edición Alpha,ALPHA-023,texto de cartas,23. Ritual Diurno. Edición Alpha. Coste/Fuerza: 5. Tipo: Recurso Rápido. Efectos: gana 1 paso por cada criatura que poseas en juego. Remueve esta carta a la Pila de Descartes.
Fantasy Tokens.pdf,10,10,Edición Alpha,ALPHA-024,texto de cartas,24. Ritual Nocturno. Edición Alpha. Coste/Fuerza: 5. Tipo: Recurso Rápido. Efectos: el jugador objetivo pierde 1 paso por cada criatura que poseas en juego. Remueve esta carta a la Pila de Descartes.
Fantasy Tokens.pdf,10,10,Edición Alpha,ALPHA-025,texto de cartas,"25. Bienes Ancestrales. Edición Alpha. Coste/Fuerza: 5. Tipo: Recurso Rápido. Efectos: busca en tu mazo de recursos cuatro cartas o tokens, elige 2 de las de menor coste y ponlas en tu mano, baraja. Manda esta carta a la Pila de Descartes j"
Fantasy Tokens.pdf,10,10,Edición Alpha,ALPHA-026,texto de cartas,"26. Guijarro. Edición Alpha. Coste/Fuerza: 1. Tipo: Token Artefacto. Efectos: el Guijarro tiene la habilidad de pagar X, girar el Guijarro: infringe X Heridas a la criatura o jugador objetivo."
Fantasy Tokens.pdf,10,10,Edición Alpha,ALPHA-027,texto de cartas,"27. Poder Creativo. Edición Alpha. Coste/Fuerza: 10. Tipo: Recurso Rápido. Efectos: nombra una carta o token de una baraja cualquiera, búscala en el mazo de recursos objetivo. Puedes jugarla normalmente hasta el final del turno, pero no tra"
Fantasy Tokens.pdf,11,11,Edición Alpha,ALPHA-028,texto de cartas,"28. Libélula Primigenia. Edición Alpha. Coste/Fuerza: 6. Tipo: Token de Criatura. Habilidades: la Libélula Primigenia ataca 2 veces en cada turno, y tiene la habilidad de Vuelo."
Fantasy Tokens.pdf,11,11,Edición Alpha,ALPHA-029,texto de cartas,"29. Sabio Homínido. Edición Alpha. Coste/Fuerza: 5. Tipo: Token de Criatura. Habilidades: el token llamado Sabio Homínido tiene la habilidad: pagar 4 pasos, gira el Sabio Homínido. Busca un Token de Artefacto de tu mazo y ponlo en juego sin"
Fantasy Tokens.pdf,11,11,Edición Alpha,ALPHA-030,texto de cartas,"30. El Guardián. Edición Alpha. Coste/Fuerza: 5. Tipo: Token de Criatura. Habilidades: el Guardián no puede atacar, bloquear ni ser girado o enderezado de ninguna forma, y es Indestructible. Mientras esta carta este en el tablero de juego,"
Fantasy Tokens.pdf,11,11,Edición Alpha,ALPHA-031,texto de cartas,"31. Sueños Tribales. Edición Alpha. Coste/Fuerza: 10. Tipo: Coste Adicional: 5. Tipo: Token de Evento. Efectos: cuando los Sueños Tribales entren en juego, gira todas las criaturas, elige 3 de ellas y remuévelas del juego a la Pila de Desca"
Fantasy Tokens.pdf,11,11,Edición Alpha,ALPHA-032,texto de cartas,"32. Nigromancia. Edición Alpha. Coste/Fuerza: 5. Tipo: Recurso Rápido. Efectos: elige un token de criatura de tu Pila de Descartes, y ponla en tu mano. Roba 1 carta de tu mazo de recursos. Remueve esta carta a la Pila de Descartes."
Fantasy Tokens.pdf,11,11,Edición Alpha,ALPHA-033,texto de cartas,"33. Protección. Edición Alpha. Coste/Fuerza: 5. Tipo: Recurso Rápido. Efectos: la criatura objetivo no puede ser dañada, removida o destruida hasta el final del turno. Roba 1 carta de tu mazo de recursos. Remueve la Protección a la Pila de"
Fantasy Tokens.pdf,11,11,Edición Alpha,ALPHA-034,texto de cartas,"34. Cooperación. Edición Alpha. Coste/Fuerza: 5. Tipo: Recuso Rápido. Efectos: hasta 3 criaturas a tu elección se giran o enderezan este turno, y recuperas 5 Heridas, o robas 2 cartas. Remueve esta carta a la Pila de Descartes."
Fantasy Tokens.pdf,11,11,Edición Alpha,ALPHA-035,texto de cartas,"35. Oso Cavernario. Edición Alpha. Coste/Fuerza: 10. Tipo: Token de Criatura. Habilidades: el Oso Cavernario obtiene +1 a su Fuerza por cada criatura que lo bloquee, y no se gira al atacar. Si el Oso Cavernario fuera a ser destruido o ir a"
Fantasy Tokens.pdf,11,11,Edición Alpha,ALPHA-036,texto de cartas,"36. Caverna Ancestral. Edición Alpha. Coste/Fuerza: 10. Tipo: Token de Evento. Efectos: mientras la Caverna Ancestral permanezca en el tablero de juego, manda 5 cartas a la Pila de Descartes en cada Mantenimiento, y eso lo hace cada jugador"
Fantasy Tokens.pdf,11,11,Edición Alpha,ALPHA-037,texto de cartas,"37. Incendio. Edición Alpha. Coste/Fuerza: 10. Tipo: Recurso Rápido. Efectos: cada criatura sufre 5 Heridas. Remueve esta carta a la Pila de Descartes, roba 1 carta por cada criatura destruida de esta manera."
Fantasy Tokens.pdf,11,11,Edición Alpha,ALPHA-038,texto de cartas,"38. Perezoso. Edición Alpha. Coste/Fuerza: 5. Tipo: Token de Criatura. Habilidades: mientras el Perezoso permanezca en el tablero de juego, no existe Fase de Combate."
Fantasy Tokens.pdf,11,11,Edición Alpha,ALPHA-039,texto de cartas,"39. Danza de la Lluvia. Edición Alpha. Coste/Fuerza: 5. Tipo: Recurso Rápido. Efectos: busca en tu mazo de recursos un token de Recurso Rápido, baraja tu mazo. Remueve esta carta a la Pila de Descartes."
Fantasy Tokens.pdf,11,11,Edición Alpha,ALPHA-040,texto de cartas,"40. Guerrero Tribal. Edición Alpha. Coste/Fuerza: 5. Tipo: Token de Criatura. Habilidades: si el Guerrero Tribal infringe daño de combate a un jugador, este se descarta de 1 carta, cada vez que una criatura sea destruida por este, obtiene +"
Fantasy Tokens.pdf,12,12,Edición Alpha,ALPHA-041,texto de cartas,"41. Chaman Cavernario. Edición Alpha. Coste/Fuerza: 5. Tipo: Token de Criatura. Habilidades: esta carta tiene la habilidad de girar la carta, busca una carta de Recurso Rápido y ponla en tu mano, baraja tu mazo de recursos."
Fantasy Tokens.pdf,12,12,Edición Alpha,ALPHA-042,texto de cartas,"42. Ángel del Edén. Edición Alpha. Coste/Fuerza: 20. Tipo: Token de Criatura. Habilidades: el Ángel del Edén no puede ser objetivo de Eventos ni de Recursos Rápidos, y posee la habilidad de Vuelo. Pagar 5: elige 3 criaturas y 2 permanentes"
Fantasy Tokens.pdf,12,12,Edición Alpha,ALPHA-043,texto de cartas,43. Castigo Divino. Edición Alpha. Coste/Fuerza: 20. Tipo: Token de Evento. Efectos: destruye todos los permanentes que haya en el tablero de juego. No pueden ser transmutados ni regenerados de ningún modo. Manda esta carta a la Pila de Des
Fantasy Tokens.pdf,12,12,Edición Alpha,ALPHA-044,texto de cartas,"44. Portal Abismal. Edición Alpha. Coste/Fuerza: 20. Tipo: Token de Evento. Efectos: destruye todas tus criaturas y las del oponente objetivo. Gana tantos pasos como costes hayas enviado a las Pilas de Descartes, pierde tantas Heridas como"
Fantasy Tokens.pdf,12,12,Edición Alpha,ALPHA-045,texto de cartas,"45. Cetro de Huesecillos. Edición Alpha. Coste/Fuerza: 5. Tipo: Token de Evento. Efectos: el Cetro de Huesecillos se convierte en un permanente con la habilidad siguiente: pagar 3, girar el Cetro. Pon un contador de Maldición sobre el jugad"
Fantasy Tokens.pdf,12,12,Edición Alpha,ALPHA-046,texto de cartas,46. Murciélagos Cavernarios. Edición Alpha. Coste/Fuerza: 3. Tipo: Token de Criatura. Habilidades: Vuelo (no pueden ser bloqueados excepto por criaturas con la misma habilidad).
Fantasy Tokens.pdf,12,12,Edición Alpha,ALPHA-047,texto de cartas,"47. Topillo Primigenio. Edición Alpha. Coste/Fuerza: 5. Tipo: Token de Criatura. Habilidades: el Topillo Primigenio posee la habilidad de Cavar: no puede ser bloqueado por criaturas, excepto por las que tengan su misma habilidad. Siempre qu"
Fantasy Tokens.pdf,12,12,Edición Alpha,ALPHA-048,texto de cartas,48. Encantamiento. Edición Alpha. Coste/Fuerza: 5. Tipo: Token de Evento. Efectos: la criatura de Fuerza 5 o menor pasa a estar bajo tu control hasta que sea destruida o enviada a la Pila de Descartes. El Encantamiento es removido a la Pila
Fantasy Tokens.pdf,12,12,Edición Alpha,ALPHA-049,texto de cartas,49. Maldición. Edición Alpha. Coste/Fuerza: 10. Tipo: Token de Evento. Efectos: destruye la criatura objetivo y mándala a la Pila de Descartes. Pierde 10 Heridas y manda la Maldición a la Pila.
Fantasy Tokens.pdf,12,12,Edición Alpha,ALPHA-050,texto de cartas,50. Reno Nórdico. Edición Alpha. Coste/Fuerza: 10. Tipo: Token de Criatura. Habilidades: Dureza (la criatura obtiene +2 a su Fuerza siempre que bloquee o sea bloqueada). El Remo Nórdico no se gira al atacar.
Fantasy Tokens.pdf,12,12,Edición Alpha,ALPHA-051,texto de cartas,"51. Duende Traga Fuegos. Edición Alpha. Coste/Fuerza: 3. Tipo: Token de Criatura. Habilidades: el Duende Traga Fuegos posee la habilidad de pagar X, girar el Duende. Infringe X Heridas a la criatura o jugador objetivo, o infringe X Heridas"
Fantasy Tokens.pdf,12,12,Edición Alpha,ALPHA-052,texto de cartas,"52. Pixy Abjurador. Edición Alpha. Coste/Fuerza: 2. Tipo: Token de Criatura. Habilidades: el Pixy Abjurador posee la habilidad siguiente: gira el Pixy Abjurador, regresa la criatura objetivo a la baraja de su propietario, y mézclala varias"
Fantasy Tokens.pdf,12,12,Edición Alpha,ALPHA-053,texto de cartas,"53. Trasgo Hacha de Sílex. Edición Alpha. Coste/Fuerza: 5. Tipo: Token de Criatura. Habilidades: cada vez que el Trasgo Hacha de Sílex sea destruido o enviado a la Pila de Fantasy Tokens Sistema de Cartas Temáticas Página 13 Descartes, en v"
Fantasy Tokens.pdf,13,13,Edición Alpha,ALPHA-054,texto de cartas,54. Australopitecos. Edición Alpha. Coste/Fuerza: 10. Tipo: Token de Criatura. Habilidades: Dureza. El Australopitecos entra en juego girado.
Fantasy Tokens.pdf,13,13,Edición Alpha,ALPHA-055,texto de cartas,"55. Garrote Primigenio. Edición Alpha. Coste/Fuerza: 5. Tipo: Token de Equipo. Efectos: siempre que el Garrote sea equipado a una criatura, esta obtiene la habilidad de Dureza, y no se gira al atacar."
Fantasy Tokens.pdf,13,13,Edición Alpha,ALPHA-056,texto de cartas,"56. Piojo Antiguo. Edición Alpha. Coste/Fuerza: 1. Tipo: Token de Criatura. Habilidades: Vuelo. Drenaje (siempre que haga daño de combate a un jugador, roba 1 paso de su Reserva)."
Fantasy Tokens.pdf,13,13,Edición Alpha,ALPHA-057,texto de cartas,57. Goblin Pétreo. Edición Alpha. Coste/Fuerza: 3. Tipo: Token de Criatura. Habilidades: el Goblin Pétreo es Indestructible y entra en juego girado.
Fantasy Tokens.pdf,13,13,Edición Alpha,ALPHA-058,texto de cartas,"58. Flechador Élfico. Edición Alpha. Coste/Fuerza: 5. Tipo: Token de Criatura. Habilidades: el Flechador posee la habilidad de pagar 3, girar el Flechador. Infringe 5 Heridas a la criatura o jugador objetivo."
Fantasy Tokens.pdf,13,13,Edición Alpha,ALPHA-059,texto de cartas,"59. La Santa Compaña. Edición Alpha. Coste/Fuerza: 15. Tipo: Token de Evento. Efectos: cuando la Santa Compaña entre al tablero de juego, gira todas las criaturas del jugador objetivo, cuenta su coste en pasos y gana tantas Heridas como pas"
Fantasy Tokens.pdf,13,13,Edición Alpha,ALPHA-060,texto de cartas,"60. Pecado Original. Edición Alpha. Coste/Fuerza: 10. Tipo: Recurso Rápido. Efectos: hasta el final del turno, no pueden jugarse habilidades de Criatura, Eventos, Equipos o Recursos Rápidos. Remueve esta carta a la Pila de Descartes."
Fantasy Tokens.pdf,13,13,Edición Alpha,ALPHA-061,texto de cartas,"61. El Inenarrable. Edición Alpha. Coste/Fuerza: 20. Tipo: Token de Criatura. Habilidades: Dureza. El Inenarrable entra en juego girado. Pagar 5 pasos: destruye 5 permanentes objetivo, o roba 5 cartas y envía al Inenarrable a la Pila de Des"
Fantasy Tokens.pdf,13,13,Edición Alpha,ALPHA-062,texto de cartas,62. Dragón Ancestral. Edición Alpha. Coste/Fuerza: 30. Tipo: Token de Criatura. Habilidades: Vuelo. Pagar 5 pasos: el Dragón Ancestral infringe 5 puntos de Heridas a todas las criaturas en el tablero de juego. Esta carta es inmune a su prop
Fantasy Tokens.pdf,13,13,Edición Alpha,ALPHA-063,texto de cartas,63. Consultar a las Estrellas. Edición Alpha. Coste/Fuerza: 5. Tipo: Recurso Rápido. Efectos: roba 2 cartas. Remueve este naipe a la Pila de Descartes.
Fantasy Tokens.pdf,13,13,Edición Alpha,ALPHA-064,texto de cartas,"64. Canticos Chamanicos. Edición Alpha. Coste/Fuerza: 0. Tipo: Recurso Rápido. Efectos: cuando los Canticos entren en juego, descártate de tu mano y roba seis cartas. Remueve este naipe a la Pila de Descartes."
Fantasy Tokens.pdf,13,13,Edición Alpha,ALPHA-065,texto de cartas,"65. Gema de la Luz. Edición Alpha. Coste/Fuerza: 0. Tipo: Token de Evento. Efectos: la Gema de la Luz es Indestructible. En cada Fase de Mantenimiento, añade 5 pasos adicionales a tu reserva, o gana 5 Heridas, o roba 5 cartas."
Fantasy Tokens.pdf,13,13,Edición Alpha,ALPHA-066,texto de cartas,"66. Gema de las Tinieblas. Edición Alpha. Coste/Fuerza: 0. Tipo: Token de Evento. Efectos: la Gema de las Tinieblas es Indestructible. En cada Fase de Mantenimiento, roba 5 pasos al jugador objetivo, o infringe 5 Heridas o descarta 5 cartas"
Fantasy Tokens.pdf,13,13,Edición Alpha,ALPHA-067,texto de cartas,"67. Talla de Hueso. Edición Alpha. Coste/Fuerza: 5. Tipo: Token de Evento. Efectos: la Talla de Hueso posee la siguiente habilidad: paga 3 pasos, mira las 3 primeras cartas de tu mazo, roba 1 de ellas y regresa el resto en cualquier orden."
Fantasy Tokens.pdf,13,13,Edición Alpha,ALPHA-068,texto de cartas,"68. Homínido Salvaje. Edición Alpha. Coste/Fuerza: 5. Tipo: Token de Criatura. Habilidades: el Homínido Salvaje no puede bloquear a otras criaturas, y posee la Fantasy Tokens Sistema de Cartas Temáticas Página 14 habilidad: girar esta carta"
Fantasy Tokens.pdf,14,14,Edición Alpha,ALPHA-069,texto de cartas,"69. Adán, el Primer Hombre. Edición Alpha. Coste/Fuerza: 5. Tipo: Token de Criatura. Habilidades: Dureza. Adán, el Primer Hombre no se gira al atacar. Pagar 5 pasos: busca 5 cartas de criatura en tu mazo de recursos, y ponlas en tu mano. Ba"
Fantasy Tokens.pdf,14,14,Edición Alpha,ALPHA-070,texto de cartas,"70. Eva, la Primera Mujer. Edición Alpha. Coste/Fuerza: 5. Tipo: Token de Criatura. Habilidades: mientras Eva, la Primera Mujer este en juego, se pueden robar 2 cartas por turno, a cambio de perder 2 pasos. Eva no puede ser objetivo de Even"
Fantasy Tokens.pdf,14,14,Edición Alpha,ALPHA-071,texto de cartas,"71. Lilith, la Mujer Maldita. Edición Alpha. Coste/Fuerza: 5. Tipo: Token de Criatura. Habilidades: Lilith no puede ser objetivo de Eventos o Recursos Rápidos. Mientras Lilith esté en juego, no se pueden robar cartas."
Fantasy Tokens.pdf,14,14,Edición Alpha,ALPHA-072,texto de cartas,"72. San Miguel, Arcángel. Edición Alpha. Coste/Fuerza: 20. Tipo: Token de Criatura. Habilidades: Vuelo. San Miguel no puede ser objetivo de Eventos, Recursos Rápidos o Habilidades, y no se gira al atacar. Pagar 10 pasos: infringe 10 Heridas"
Fantasy Tokens.pdf,14,14,Edición Alpha,ALPHA-073,texto de cartas,"73. Arpista Élfico. Edición Alpha. Coste/Fuerza: 5. Tipo: Token de Criatura. Habilidades: el Arpista Élfico posee la siguiente habilidad: gira esta carta, busca un naipe en tu mazo de recursos y ponla en tu mano. Mezcla de nuevo tu mazo."
Fantasy Tokens.pdf,14,14,Edición Alpha,ALPHA-074,texto de cartas,74. Lluvia de Meteoros. Edición Alpha. Coste/Fuerza: 5. Tipo: Recurso Rápido. Efectos: la Lluvia de Meteoros infringe 5 Heridas a todas las criaturas y a todos los jugadores. Remueve esta carta a la Pila de Descartes.
Fantasy Tokens.pdf,14,14,Edición Alpha,ALPHA-075,texto de cartas,"75. Intervención Divina. Edición Alpha. Coste/Fuerza: 20. Tipo: Recurso Rápido. Efectos: hasta el final del turno, ni las criaturas ni el jugador objetivo pueden ser afectados por habilidades, Eventos o Recursos Rápidos. Remueve esta carta"
Fantasy Tokens.pdf,14,14,Edición Alpha,ALPHA-076,texto de cartas,"76. Dilatación Espacio Temporal. Edición Alpha. Coste/Fuerza: 10. Tipo: Token de Evento. Efectos: el oponente objetivo pierde su turno siguiente, y se descarta 1 carta. A cambio, pierdes 10 Heridas."
Fantasy Tokens.pdf,14,14,Edición Alpha,ALPHA-077,texto de cartas,"77. La Serpiente. Edición Alpha. Coste/Fuerza: 20. Tipo: Token de Criatura. Habilidades: Indestructible, no se gira al atacar. La Serpiente entre en juego girada, y puede bloquear criaturas voladoras. Pagar 5 pasos: pon la criatura no legen"
Fantasy Tokens.pdf,14,14,Edición Alpha,ALPHA-078,texto de cartas,"78. La Reina de las Hadas. Edición Alpha. Coste/Fuerza: 10. Tipo: Token Legendario. Habilidades: Vuelo. Todas las criaturas de tipo Pixy, Elfo o Duende obtienen un +5 a su Fuerza, pero siguen conservando su mismo coste en pasos."
Fantasy Tokens.pdf,14,14,Edición Alpha,ALPHA-079,texto de cartas,79. Orco Primigenio. Edición Alpha. Coste/Fuerza: 10. Tipo: Token de Criatura. Habilidades: Dureza. No se gira al atacar.
Fantasy Tokens.pdf,14,14,Edición Alpha,ALPHA-080,texto de cartas,"80. Mascarada. Edición Alpha. Coste/Fuerza: 0. Tipo: Recurso Rápido. Efectos: cuando la Mascarada entre en juego, mira la mano del jugador objetivo, busca en su mazo el mismo número de cartas y sustitúyelas por ésas. A continuación, remueve"
Fantasy Tokens.pdf,14,14,Edición Alpha,ALPHA-081,texto de cartas,"81. Praderas Vírgenes. Edición Alpha. Coste/Fuerza: 50. Tipo: Token de Evento. Efectos: cuando esta carta entre en el tablero de juego, remueve todos los permanentes y manos, mándalos a la Pila de Descartes, baraja todas las Pilas en sus ma"
Fantasy Tokens.pdf,15,15,Edición Alpha,ALPHA-082,texto de cartas,"82. Rey de los Trasgos. Edición Alpha. Coste/Fuerza: 20. Tipo: Token de Criatura. Habilidades: todos los demás Goblins, Trasgos y Orcos obtienen +5 a su Fuerza, aunque siguen teniendo el mismo coste en Pasos. Pagar 5 pasos: destruye el Gobl"
Fantasy Tokens.pdf,15,15,Edición Alpha,ALPHA-083,texto de cartas,"83. Druida Ermitaño. Edición Alpha. Coste/Fuerza: 5. Tipo: Token de Criatura. Habilidades: el Druida Ermitaño posee la siguiente habilidad: gira esta carta, suma 5 a tu Reserva de Pasos, descarta una carta."
Fantasy Tokens.pdf,15,15,Edición Alpha,ALPHA-084,texto de cartas,"84. Ofrenda Ritual. Edición Alpha. Coste/Fuerza: 5. Tipo: Recurso Rápido. Efectos: cuando esta carta entre en juego, sacrifica la criatura objetivo bajo tu control. A continuación, busca en tu mazo cualquier carta o token legendario y ponlo"
Fantasy Tokens.pdf,15,15,Edición Alpha,ALPHA-085,texto de cartas,85. Daga Ritual. Edición Alpha. Coste/Fuerza: 5. Tipo: Token de Equipo. Habilidades: la criatura equipada gana +5 a su Fuerza y no puede ser objetivo de Recursos Rápidos.
Fantasy Tokens.pdf,15,15,Edición Alpha,ALPHA-086,texto de cartas,"86. Espíritu Errante. Edición Alpha. Coste/Fuerza: 10. Tipo: Token de Criatura. Habilidades: esta criatura no puede ser bloqueada por criaturas de otros tipos, a excepción de tokens legendarios."
Fantasy Tokens.pdf,15,15,Edición Alpha,ALPHA-087,texto de cartas,"87. Bolsita de Runas. Edición Alpha. Coste/Fuerza: 10. Tipo: Token de Evento. Habilidades: la Bolsita de Runas posee la siguiente habilidad: gira esta carta, pon un contador de Runa sobre la criatura objetivo. Quitar un contador de Runa: la"
Fantasy Tokens.pdf,15,15,Edición Alpha,ALPHA-088,texto de cartas,"88. Amor Eterno. Edición Alpha. Coste/Fuerza: 10. Tipo: Recurso Rápido. Efectos: cuando el Amor Eterno salga al tablero de juego, elige una criatura objetivo, y busca una carta de criatura de la Pila de Descartes, ponla en tu mano. Si la cr"
Fantasy Tokens.pdf,15,15,Edición Alpha,ALPHA-089,texto de cartas,89. Cambios Rápidos. Edición Alpha. Coste/Fuerza: 5. Tipo: Recurso Rápido. Habilidades: intercambia la carta objetivo de tu mano por la carta objetivo de la mano del oponente. Remueve esta carta a la Pila de Descartes.
Fantasy Tokens.pdf,15,15,Edición Alpha,ALPHA-090,texto de cartas,"90. Insomnio. Edición Alpha. Coste/Fuerza: 5. Tipo: Recurso Rápido. Habilidades: equipa el Insomnio a la criatura objetivo, gírala. Esta criatura no puede enderezarse mientras el Insomnio este equipado."
Fantasy Tokens.pdf,15,15,Edición Alpha,ALPHA-091,texto de cartas,"91. Simulacro. Edición Alpha. Coste/Fuerza: 0. Tipo: Token de Evento. Habilidades: el simulacro es una carta de Evento, no de criatura. Pagar 5: el Simulacro se transforma en una criatura Indestructible de Fuerza 0 hasta el final del turno."
Fantasy Tokens.pdf,15,15,Edición Alpha,ALPHA-092,texto de cartas,92. Diadema de los Eones. Edición Alpha. Coste/Fuerza: 25. Tipo: Token Legendario. Efectos: la Diadema de los Eones es Indestructible e inmune a Eventos o Recursos Rápidos. Pagar 1 paso: gira o endereza el permanente objetivo. Pagar 2: la c
Fantasy Tokens.pdf,16,16,Edición Alpha,ALPHA-093,texto de cartas,"93. Lagrimas del Paraíso. Edición Alpha. Coste/Fuerza: 20. Tipo: Token de Evento. Efectos: cuando esta carta entre en juego, endereza todas tus criaturas, gana 10 pasos y pierdes o sufres 10 Heridas. Descártate de tu mano y remueve esta car"
Fantasy Tokens.pdf,16,16,Edición Alpha,ALPHA-094,texto de cartas,"94. Abnegación Final. Edición Alpha. Coste/Fuerza: 20. Tipo: Token de Evento. Efectos: cuando la Abnegación Final entre en el tablero de juego, todos los jugadores cuentan el número total de su Pila de Descartes. Todos los jugadores sufren"
Fantasy Tokens.pdf,16,16,Edición Alpha,ALPHA-095,texto de cartas,"95. Baile de las Hadas. Edición Alpha. Coste/Fuerza: 20. Tipo: Token de Evento. Efectos: elige un tipo de criatura, a continuación, transmuta todas las criaturas en pasos y déjalas aparte. Busca en tu baraja tantas criaturas como puedas pag"
Fantasy Tokens.pdf,16,16,Edición Alpha,ALPHA-096,texto de cartas,96. Tempestad Primigenia. Edición Alpha. Coste/Fuerza: 20. Tipo: Token de Evento. Efectos: transmuta en pasos todas tus criaturas. El oponente objetivo sufre un número de Heridas igual a los pasos totales de tu Reserva. Remueve esta carta a
Fantasy Tokens.pdf,16,16,Edición Alpha,ALPHA-097,texto de cartas,"97. Joker Primigenio. Edición Alpha. Coste/Fuerza: 0. Tipo: Token Legendario. Efectos: el Joker Primigenio se transmuta en cualquier permanente en juego hasta el final del turno, pudiéndose elegir nuevos objetivos en los turnos siguientes."
Fantasy Tokens.pdf,16,16,Edición Alpha,ALPHA-098,texto de cartas,"98. Morador del Abismo. Edición Alpha. Coste/Fuerza: 20. Tipo: Token Legendario. Habilidades: el Morador aumenta en 10 su Fuerza cada turno. Es Indestructible, e inmune a Eventos o Recursos Rápidos. Pierdes o sufres 10 Heridas cada vez que"
Fantasy Tokens.pdf,16,16,Edición Alpha,ALPHA-099,texto de cartas,"99. Rey de los Elfos. Edición Alpha. Coste/Fuerza: 20. Tipo: Token Legendario. Habilidades: el Rey de los Elfos entra en juego girado, es inmune a Eventos y Recursos Rápidos, otorgando +5 a su Fuerza a todas las criaturas del tipo Elfo."
Fantasy Tokens.pdf,16,16,Edición Alpha,ALPHA-100,texto de cartas,"100. Plegamiento Dimensional. Edición Alpha. Coste/Fuerza: 20. Tipo: Token Legendario. Efectos: escoge un tipo de permanente (token criatura, Evento, legendario, Equipo, etc.). remueve del juego a la Pila de Descartes todas las cartas de es"
Fantasy Tokens.pdf,16,16,Edición Alpha,ALPHA-101,texto de cartas,"101. Aberración Cósmica. Edición Alpha. Coste/Fuerza: 25. Tipo: Token Legendario. Efectos: como coste adicional para jugar esta carta, puedes enviar tantas cartas a la Pila de Descartes como Heridas quieras infringirte, aumentando en 1 la F"
Fantasy Tokens.pdf,16,16,Edición Alpha,ALPHA-102,texto de cartas,"102. Domino. Edición Alpha. Coste/Fuerza: 20. Tipo: Token Legendario. Efectos: en cuanto esta carta entre en el juego, el oponente envía 1 permanente de su mesa a la Pila en cada turno. Pagar 20: el oponente objetivo envía hasta 20 permanen"
Fantasy Tokens.pdf,16,16,Edición Alpha,ALPHA-103,texto de cartas,103. El Mago. Edición Alpha. Coste/Fuerza: 0. Tipo: Token Legendario. Efectos: el Mago es Indestructible e inmune a Eventos y Recursos Rápidos. El Mago tiene la Fantasy Tokens Sistema de Cartas Temáticas Página 17 siguiente habilidad: gira
Fantasy Tokens.pdf,17,17,Edición Beta,BETA-001,texto de cartas,"1. Descubrimiento. Edición Beta. Coste/Fuerza: 1. Tipo: Recurso Rápido. Efectos: cuando esta carta entre en juego, coge las 3 primeras cartas de tu mazo de recursos, elige una de ellas y manda el resto a la Pila de Descartes, incluida esta."
Fantasy Tokens.pdf,17,17,Edición Beta,BETA-002,texto de cartas,"2. Recuperar. Edición Beta. Coste/Fuerza: 1. Tipo: Recurso Rápido. Efectos: cuando esta carta entre en juego, coge las 3 primeras cartas de tu Pila de Descartes, elige una de ellas y manda el resto al mazo de recursos, incluida esta. Baraja"
Fantasy Tokens.pdf,17,17,Edición Beta,BETA-003,texto de cartas,"3. Vasija de Barro. Edición Beta. Coste/Fuerza: 5. Tipo: Token de Evento. Efectos: cuando la Vasija de Barro entre en juego, deposita en ella tu Reserva de Pasos. Los pasos así almacenados no pueden ser extraídos ni usados de ninguna manera"
Fantasy Tokens.pdf,17,17,Edición Beta,BETA-004,texto de cartas,"4. Homínido Nómada. Edición Beta. Coste/Fuerza: 5. Tipo: Token de Criatura. Habilidades: el Homínido Nómada entra en juego girado con 5 contadores de Cacería sobre él. Esta carta posee la habilidad: girar el Homínido, remover un contador de"
Fantasy Tokens.pdf,17,17,Edición Beta,BETA-005,texto de cartas,"5. Primeras Nieves. Edición Beta. Coste/Fuerza: 3. Tipo: Token de Evento. Efectos: cuando este naipe entre juego, gira hasta 3 criaturas objetivo hasta el final del turno. Manda esta carta a la Pila de Descartes."
Fantasy Tokens.pdf,17,17,Edición Beta,BETA-006,texto de cartas,6. Goblin de Pelo Duro. Edición Beta. Coste/Fuerza: 3. Tipo: Token de Criatura. Habilidades: el Goblin de Pelo Duro reduce todas las Heridas recibidas en 1.
Fantasy Tokens.pdf,17,17,Edición Beta,BETA-007,texto de cartas,"7. Flor del Invierno. Edición Beta. Coste/Fuerza: 0. Tipo: Recurso Rápido. Efectos: la Flor de Invierno posee la habilidad siguiente: girar esta carta, sacrificar la criatura objetivo bajo tu control, suma 5 pasos a tu Reserva. Manda esta c"
Fantasy Tokens.pdf,17,17,Edición Beta,BETA-008,texto de cartas,"8. Flor del Verano. Edición Beta. Coste/Fuerza: 0. Tipo: Recurso Rápido. Efectos: girar esta carta, sacrificar la Flor del Verano, suma 5 Pasos a tu Reserva. Pagar 3 pasos: baraja la Flor de Verano en tu mazo de recursos en vez de mandarla"
Fantasy Tokens.pdf,17,17,Edición Beta,BETA-009,texto de cartas,"9. Elfo Lanza Jabalinas. Edición Beta. Coste/Fuerza: 5. Tipo: Token de Criatura. Habilidades: el Elfo Lanza Jabalinas posee la siguiente habilidad: pagar 5 pasos, Fantasy Tokens Sistema de Cartas Temáticas Página 18 infringe 3 Heridas a la"
Fantasy Tokens.pdf,18,18,Edición Beta,BETA-010,texto de cartas,"10. Duende Eterno. Edición Beta. Coste/Fuerza: 1. Tipo: Token de Criatura. Habilidades: cuando el Duende Eterno vaya desde el tablero de juego a la Pila de Descartes, regrésalo a tu mano. Pierde 1 paso cada vez que esto suceda."
Fantasy Tokens.pdf,18,18,Edición Beta,BETA-011,texto de cartas,"11. Pixie Luminosa. Edición Beta. Coste/Fuerza: 1. Tipo: Token de Criatura. Habilidades: la Pixie Luminosa entra en juego exhaustada, y posee la habilidad: pagar 1 Herida, descarta una carta al jugador objetivo, pagar 2 Heridas, roba una ca"
Fantasy Tokens.pdf,18,18,Edición Beta,BETA-012,texto de cartas,12. Cuchillo de Sílex. Edición Beta. Coste/Fuerza: 3. Tipo: Token de Equipo. Efectos: la criatura equipada obtiene +3 a su Fuerza. El Cuchillo de Sílex no puede ser transmutado.
Fantasy Tokens.pdf,18,18,Edición Beta,BETA-013,texto de cartas,"13. Lanza de Sílex. Edición Beta. Coste/Fuerza: 2. Tipo: Token de Equipo. Efectos: la criatura equipada obtiene +2 a su Fuerza. Gira esta carta, desanexa la Lanza de Sílex, infringe 5 puntos de Heridas al jugador o criatura objetivo."
Fantasy Tokens.pdf,18,18,Edición Beta,BETA-014,texto de cartas,"14. Goblin Escapista. Edición Beta. Coste/Fuerza: 1. Tipo: Token de Criatura. Habilidades: si el Goblin Escapista fuera a ir a la Pila de Descartes, en vez de eso, remuévelo del juego. Mandar 1 carta a la Pila de Descartes: devuelve el Gobl"
Fantasy Tokens.pdf,18,18,Edición Beta,BETA-015,texto de cartas,"15. El Fuego. Edición Beta. Coste/Fuerza: 5. Tipo: Token de Evento. Efectos: cuando este naipe entre a juego, todas las criaturas bajo tu control ganan +1 a su Fuerza cuando son bloqueadas, aunque siguen teniendo los mismos pasos al ser tra"
Fantasy Tokens.pdf,18,18,Edición Beta,BETA-016,texto de cartas,16. Rayo de Tormenta. Edición Beta. Coste/Fuerza: 2. Tipo: Recurso Rápido. Efectos: el Rayo de Tormenta causa 2 Heridas a la criatura o jugador objetivo. Pagar 1 paso: añade 3 Heridas adicionales. Remueve esta carta a la Pila de Descartes.
Fantasy Tokens.pdf,18,18,Edición Beta,BETA-017,texto de cartas,"17. Ritual Secreto. Edición Beta. Coste/Fuerza: 0. Tipo: Recurso Rápido. Efectos: pagar X Heridas: añade X pasos a tu Reserva. En el siguiente turno, pierdes la partida. Remueve esta carta a la Pila de Descartes."
Fantasy Tokens.pdf,18,18,Edición Beta,BETA-018,texto de cartas,"18. Invocación. Edición Beta. Coste/Fuerza: 5. Tipo: Token de Evento. Efectos: nombra una criatura de tu mazo de recursos, a continuación, manda cartas del mismo a la Pila de Descartes. Cuando obtengas la criatura, ponla en juego sin pagar"
Fantasy Tokens.pdf,18,18,Edición Beta,BETA-019,texto de cartas,19. Rayo de Hadas. Edición Beta. Coste/Fuerza: 3. Tipo: Recurso Rápido. Efectos: pagar X pasos: el Rayo de Hadas le hace X Heridas a la Criatura objetivo. Remueve esta carta a la Pila de Descartes.
Fantasy Tokens.pdf,18,18,Edición Beta,BETA-020,texto de cartas,"20. Arco y Flechas. Edición Beta. Coste/Fuerza: 2. Tipo: Token de Equipo. Efectos: la criatura equipada posee la habilidad de Disparo: gira la criatura, infringe a la criatura objetivo un número de Heridas igual a su Fuerza."
Fantasy Tokens.pdf,18,18,Edición Beta,BETA-021,texto de cartas,"21. Dia de Trueque. Edición Beta. Coste/Fuerza: 2. Tipo: Recurso Rápido. Efectos: cuando esta carta entre en juego, intercambia el control de 1 Equipo por cada paso que poseas en tu Reserva y quieras gastar. Manda esta carta a la Pila de De"
Fantasy Tokens.pdf,18,18,Edición Beta,BETA-022,texto de cartas,"22. Enano Garrote de Madera. Edición Beta. Coste/Fuerza: 5. Tipo: Token de Criatura. Habilidades: el Enano Garrote de Madera es inmune a Eventos y Recursos Rápidos, no Fantasy Tokens Sistema de Cartas Temáticas Página 19 se gira al atacar y"
Fantasy Tokens.pdf,19,19,Edición Beta,BETA-023,texto de cartas,"23. Pinturas Rupestres. Edición Beta. Coste/Fuerza: 5. Tipo: Token de Evento. Efectos: cuando esta carta entre en juego, pon en el tablero hasta X fichas de Búfalo Europeo de Fuerza 5 por cada criatura que mandes a la Pila de Descartes."
Fantasy Tokens.pdf,19,19,Edición Beta,BETA-024,texto de cartas,24. Runa de Madera. Edición Beta. Coste/Fuerza: 1. Tipo: Recurso Rápido. Efectos: regresa la carta objetivo del tablero a tu mano. Remueve la Runa de Madera a la Pila de Descartes.
Fantasy Tokens.pdf,19,19,Edición Beta,BETA-025,texto de cartas,"25. Goblin de las Conchas. Edición Beta. Coste/Fuerza: 1. Tipo: Token de Criatura. Habilidades: cuando el Goblin de las Conchas baje al tablero, añade 3 pasos a tu Reserva. Cuando esta carta vaya a la Pila de Descartes, añade 3 pasos a tu R"
Fantasy Tokens.pdf,19,19,Edición Beta,BETA-026,texto de cartas,"26. Pixie Naturalista. Edición Beta. Coste/Fuerza: 2. Tipo: Token de Criatura. Habilidades: cuando el Pixie Naturalista entre en el tablero de juego, manda todos los Equipos a la Pila de Descartes, incluido tu oponente. Pueden ser transmuta"
Fantasy Tokens.pdf,19,19,Edición Beta,BETA-027,texto de cartas,27. Ritual Diurno. Edición Beta. Coste/Fuerza: 5. Tipo: Recurso Rápido. Efectos: gana 1 paso por cada criatura que poseas en juego. Remueve esta carta a la Pila de Descartes.
Fantasy Tokens.pdf,19,19,Edición Beta,BETA-028,texto de cartas,28. Ritual Nocturno. Edición Beta. Coste/Fuerza: 5. Tipo: Recurso Rápido. Efectos: el jugador objetivo pierde 1 paso por cada criatura que poseas en juego. Remueve esta carta a la Pila de Descartes.
Fantasy Tokens.pdf,19,19,Edición Beta,BETA-029,texto de cartas,"29. Hacha Piedra Enana. Edición Beta. Coste/Fuerza: 3. Tipo: Token de Equipo. Efectos: la criatura equipada gasta 1 paso cada turno, y gana +5 a su Fuerza, o no se gira al atacar."
Fantasy Tokens.pdf,19,19,Edición Beta,BETA-030,texto de cartas,"30. Guijarro. Edición Beta. Coste/Fuerza: 1. Tipo: Token de Artefacto. Efectos: el Guijarro tiene la habilidad: gira esta carta, pagar X Pasos, infringe X Heridas a la criatura o jugador objetivo."
Fantasy Tokens.pdf,19,19,Edición Beta,BETA-031,texto de cartas,"31. Duende Onda Vital. Edición Beta. Coste/Fuerza: 3. Tipo: Token de Criatura. Habilidades: el Duende Onda Vital posee la habilidad de pagar X pasos, infringe X Heridas repartidas como quieras entre criaturas o jugadores objetivos."
Fantasy Tokens.pdf,19,19,Edición Beta,BETA-032,texto de cartas,"32. Cubilete. Edición Beta. Coste/Fuerza: 20. Tipo: Token Legendario. Efectos: cuando el Cubilete entre en juego, lanza dos dados de seis caras, tu oponente también, y compara el resultado. Aquel que obtenga el mayor resultado, obtiene ese"
Fantasy Tokens.pdf,19,19,Edición Beta,BETA-033,texto de cartas,"33. Libélula Carroñera. Edición Beta. Coste/Fuerza: 5. Tipo: Token de Criatura. Habilidades: la Libélula Carroñera ataca 3 veces en cada turno, y posee la habilidad de Vuelo. Si fuera a ir a la Pila de Descartes, pierdes 5 Heridas."
Fantasy Tokens.pdf,19,19,Edición Beta,BETA-034,texto de cartas,"34. Sabio Homínido. Edición Beta. Coste/Fuerza: 5. Tipo: Token de Criatura. Habilidades: este token tiene la habilidad de gira esta carta, paga 4 pasos, busca un artefacto o Equipo de tu mazo y ponlo en tu juego sin pagar su coste en pasos."
Fantasy Tokens.pdf,19,19,Edición Beta,BETA-035,texto de cartas,"35. El Guardián. Edición Beta. Coste/Fuerza: 5. Tipo: Token de Criatura. Habilidades: el guardián no puede atacar, bloquear ni ser girado o enderezado de ninguna manera, y es Indestructible. Mientras el Guardián este en el tablero de juego,"
Fantasy Tokens.pdf,19,19,Edición Beta,BETA-036,texto de cartas,"36. Cantico de los Antepasados. Edición Beta. Coste/Fuerza: 3. Tipo: Recurso Rápido. Efectos: el Evento, Recurso Rápido o token de criatura no tiene lugar, y va a la Pila de Descartes. Remueve esta carta a la Pila de Descartes. Fantasy Toke"
Fantasy Tokens.pdf,20,20,Edición Beta,BETA-037,texto de cartas,37. Anulación. Edición Beta. Coste/Fuerza: 3. Tipo: Recurso Rápido. Efectos: la Transmutación objetivo no tiene lugar. Remueve esta carta a la Pila de Descartes.
Fantasy Tokens.pdf,20,20,Edición Beta,BETA-038,texto de cartas,38. Nigromancia. Edición Beta. Coste/Fuerza: 5. Tipo: Recurso Rápido. Efectos: elige un token de criatura de tu Pila de Descartes y ponla en tu mano. Roba 1 carta de tu mazo de recursos. Remueve esta carta a la Pila de Descartes.
Fantasy Tokens.pdf,20,20,Edición Beta,BETA-039,texto de cartas,39. Aniquilación. Edición Beta. Coste/Fuerza: 5. Tipo: Recurso Rápido. Efectos: envía la criatura objetivo a la Pila de Descartes de su dueño. Envía esta carta a la Pila de Descartes.
Fantasy Tokens.pdf,20,20,Edición Beta,BETA-040,texto de cartas,"40. Oso Cavernario. Edición Beta. Coste/Fuerza: 10. Tipo: Token de Criatura. Habilidades: el Oso Cavernario obtiene +1 a su Fuerza por cada criatura que lo bloquee, y no se gira al atacar. Si el Oso Cavernario fuera a ir a tu Pila de Descar"
Fantasy Tokens.pdf,20,20,Edición Beta,BETA-041,texto de cartas,"41. Mundo Espiritual. Edición Beta. Coste/Fuerza: 10. Tipo: Token de Evento. Habilidades: manda esta carta y el resto de tu baraja a la Pila de Descartes. En el siguiente turno, tu Pila es tu mazo y baraja. Remueve esta carta a la Pila de D"
Fantasy Tokens.pdf,20,20,Edición Beta,BETA-042,texto de cartas,"42. Caverna Ancestral. Edición Beta. Coste/Fuerza: 10. Tipo: Token de Evento. Habilidades: mientras la Caverna Ancestral permanezca en el tablero de juego, manda 5 cartas a la Pila de Descartes en cada mantenimiento, y eso lo hace cada juga"
Fantasy Tokens.pdf,20,20,Edición Beta,BETA-043,texto de cartas,"43. Rayo de Llamas. Edición Beta. Coste/Fuerza: 5. Tipo: Recurso Rápido. Efectos: la criatura objetivo recibe 5 Heridas, y su controlador descarta 3 cartas de su mano. Remueve esta carta o naipe a la Pila de Descartes."
Fantasy Tokens.pdf,20,20,Edición Beta,BETA-044,texto de cartas,"44. Incendio. Edición Beta. Coste/Fuerza: 10. Tipo: Recurso Rápido. Efectos: cada criatura sufre 5 Heridas. Remueve esta carta a la Pila de Descartes, y roba 1 carta por cada criatura destruida de esta manera."
Fantasy Tokens.pdf,20,20,Edición Beta,BETA-045,texto de cartas,"45. Perezoso. Edición Beta. Coste/Fuerza: 5. Tipo: Token de Criatura. Habilidades: mientras el Perezoso permanezca en el tablero de juego, no existe Fase de Combate."
Fantasy Tokens.pdf,20,20,Edición Beta,BETA-046,texto de cartas,"46. Oración de los Druidas. Edición Beta. Coste/Fuerza: 10. Tipo: Token Legendario. Efectos: cuando la Oración de los Druidas entre en el tablero de juego, busca 5 cartas de Recurso Rápido o Evento y remuévelas del juego de tu mazo de recur"
Fantasy Tokens.pdf,20,20,Edición Beta,BETA-047,texto de cartas,"47. Guerrero Tribal. Edición Beta. Coste/Fuerza: 5. Tipo: Token de Criatura. Habilidades: si el Guerrero Tribal infringe daño de combate a un jugador, este se descarta de 1 carta, cada vez que una criatura sea destruida por este, obtiene +1"
Fantasy Tokens.pdf,20,20,Edición Beta,BETA-048,texto de cartas,"48. Espada de Hueso Duro. Edición Beta. Coste/Fuerza: 5. Tipo: Token de Equipo. Efectos: la criatura equipada obtiene +5 a su Fuerza, y es inmune a Eventos."
Fantasy Tokens.pdf,20,20,Edición Beta,BETA-049,texto de cartas,"49. Cubo de Pirita. Edición Beta. Coste/Fuerza: 0. Tipo: Token Legendario. Efectos: si el total de recursos en la Reserva de un jugador fuese menor o igual a la de un oponente, drena toda la Reserva de este y súmala a la tuya. Si fuese al c"
Fantasy Tokens.pdf,20,20,Edición Beta,BETA-050,texto de cartas,50. Castigo Divino. Edición Beta. Coste/Fuerza: 20. Tipo: Token de Evento. Efectos: destruye todas tus criaturas y las del oponente objetivo. Gana tantos pasos como Fantasy Tokens Sistema de Cartas Temáticas Página 21 costes hayas enviado a
Fantasy Tokens.pdf,21,21,Edición Beta,BETA-051,texto de cartas,51. Ángel del Tiempo. Edición Beta. Coste/Fuerza: 20. Tipo: Token de Criatura. Habilidades: el Ángel del Tiempo posee la habilidad de Volar. Pagar 20: gana un turno adicional después de este.
Fantasy Tokens.pdf,21,21,Edición Beta,BETA-052,texto de cartas,52. Murciélagos Cavernarios. Edición Beta. Coste/Fuerza: 3. Tipo: Token de Criatura. Habilidades: Vuelo.
Fantasy Tokens.pdf,21,21,Edición Beta,BETA-053,texto de cartas,"53. Cuentas Ancestrales. Edición Beta. Coste/Fuerza: 10. Tipo: Token de Evento. Efectos: cuenta las cartas de tu mano, y añade esa misma cantidad a tu Reserva de pasos, después, multiplica por el doble el total y añádelo de nuevo a tu Reser"
Fantasy Tokens.pdf,21,21,Edición Beta,BETA-054,texto de cartas,54. Maldición. Edición Beta. Coste/Fuerza: 10. Tipo: Token de Evento. Efectos: destruye la criatura objetivo y mándala a la Pila de Descartes. Pierdes 10 Heridas y mandas la Maldición a la Pila.
Fantasy Tokens.pdf,21,21,Edición Beta,BETA-055,texto de cartas,"55. Bisonte Enloquecido. Edición Beta. Coste/Fuerza: 10. Tipo: Token de Criatura. Habilidades: siempre que el Bisonte Enloquecido fuera a ir a la Pila de Descartes, en vez de eso, regrésalo a tu mano. Esta carta no puede ser transmutada y n"
Fantasy Tokens.pdf,21,21,Edición Beta,BETA-056,texto de cartas,56. Reno Nórdico. Edición Beta. Coste/Fuerza: 10. Tipo: Token de Criatura. Habilidades: Dureza. El Reno Nórdico no se gira al atacar.
Fantasy Tokens.pdf,21,21,Edición Beta,BETA-057,texto de cartas,"57. Cáliz de los Ancestros. Edición Beta. Coste/Fuerza: 20. Tipo: Artefacto Legendario. Efectos: el Cáliz de los Ancestros es Indestructible. En cada fase legendaria, el oponente objetivo pierde una cantidad de Heridas igual a su Reserva de"
Fantasy Tokens.pdf,21,21,Edición Beta,BETA-058,texto de cartas,"58. Goblin del Yunque. Edición Beta. Coste/Fuerza: 5. Tipo: Token de Criatura. Habilidades: el Goblin del Yunque posee la habilidad siguiente: pagar 5 pasos, pon en juego sin resolver su coste verdadero el token de Equipo o Artefacto de tu"
Fantasy Tokens.pdf,21,21,Edición Beta,BETA-059,texto de cartas,"59. Pixy Abjurador. Edición Beta. Coste/Fuerza: 2. Tipo: Token de Criatura. Habilidades: el Pixy Abjurador posee la siguiente habilidad: gira esta carta, regresa la criatura objetivo a la baraja de su propietario, y mézclala en dicho mazo."
Fantasy Tokens.pdf,21,21,Edición Beta,BETA-060,texto de cartas,"60. Ninfa de los Bosques. Edición Beta. Coste/Fuerza: 10. Tipo: Token de Criatura. Habilidades: cuando esta carta entre en el tablero de juego, busca un token de criatura de tu mazo de recursos y ponlo en tu mano, baraja."
Fantasy Tokens.pdf,21,21,Edición Beta,BETA-061,texto de cartas,"61. Curvatura Espacio Temporal. Edición Beta. Coste/Fuerza: 20. Tipo: Token Legendario. Efectos: cuando este naipe entre en la mesa, paraliza todas las fases que se vayan a resolver en ese turno, y no tienen lugar. Si pueden jugarse Recurso"
Fantasy Tokens.pdf,21,21,Edición Beta,BETA-062,texto de cartas,"62. Trasgo Hacha de Sílex. Edición Beta. Coste/Fuerza: 5. Tipo: Token de Criatura. Habilidades: cada vez que el Trasgo Hacha de Sílex sea destruido o enviado a la Pila de Descartes, en vez de eso, reduce su Fuerza en 1, y regrésalo al juego"
Fantasy Tokens.pdf,21,21,Edición Beta,BETA-063,texto de cartas,63. Piojo. Edición Beta. Coste/Fuerza: 1. Tipo: Token de Criatura. Habilidades: Vuelo. Drenaje. El Piojo no se gira al atacar.
Fantasy Tokens.pdf,21,21,Edición Beta,BETA-064,texto de cartas,"64. Flechador Élfico. Edición Beta. Coste/Fuerza: 5. Tipo: Token de Criatura. Habilidades: paga 3, gira esta carta, infringe 5 Heridas a la criatura o jugador objetivo. Fantasy Tokens Sistema de Cartas Temáticas Página 22"
Fantasy Tokens.pdf,22,22,Edición Beta,BETA-065,texto de cartas,"65. Espada Runa Bronceada. Edición Beta. Coste/Fuerza: 20. Tipo: Token de Equipo. Efectos: equipar a Runa Bronceada cuesta 0 pasos, y la criatura objetivo obtiene +10 su Fuerza. Pagar 10, desanexar a Runa Bronceada, busca una carta de Token"
Fantasy Tokens.pdf,22,22,Edición Beta,BETA-066,texto de cartas,"66. Pecado Original. Edición Beta. Coste/Fuerza: 10. Tipo: Recurso Rápido. Efectos: hasta el final del turno, no pueden jugarse habilidades de criatura, Eventos, Equipos o Recursos Rápidos. Remueve esta carta a la Pila de Descartes."
Fantasy Tokens.pdf,22,22,Edición Beta,BETA-067,texto de cartas,"67. Consultar las Estrellas. Edición Beta. Coste/Fuerza: 5. Tipo: Recurso Rápido. Habilidades: roba 2 cartas, remueve este naipe a la Pila de Descartes."
Fantasy Tokens.pdf,22,22,Edición Beta,BETA-068,texto de cartas,"68. Gema Runa Estrellada. Edición Beta. Coste/Fuerza: 0. Tipo: Token de Evento. Efectos: la Gema Runa Estrellada es Indestructible. En cada fase de mantenimiento, gana 1 paso por cada criatura que bajes al tablero, y mira la mano del oponen"
Fantasy Tokens.pdf,22,22,Edición Beta,BETA-069,texto de cartas,"69. Gema Runa Tormenta. edición Beta. Coste/Fuerza: 0. Tipo: Token de Evento. Habilidades: la Gema Runa de Tormenta es Indestructible. En cada fase de mantenimiento, infringe 5 Heridas al oponente o criatura objetivo, y tú pierdes 2 Heridas"
Fantasy Tokens.pdf,22,22,Edición Beta,BETA-070,texto de cartas,"70. Talla de Hueso. Edición Beta. Coste/Fuerza: 5. Tipo: Token de Evento. Efectos: pagar 3, mira las tres primeras cartas de tu mazo, roba una de ellas y regresa el resto en cualquier orden."
Fantasy Tokens.pdf,22,22,Edición Beta,BETA-071,texto de cartas,"71. Set, Hijo de Adán. Edición Beta. Coste/Fuerza: 5. Tipo: Token de Criatura. Habilidades: esta carta no puede ser objetivo de Eventos o Recursos Rápidos. Pagar 2 pasos: busca dos cartas cualesquiera en tu mazo de recursos, pon a Set en la"
Fantasy Tokens.pdf,22,22,Edición Beta,BETA-072,texto de cartas,"72. Replicación. Edición Beta. Coste/Fuerza: 5. Tipo: Recurso Rápido. Efectos: cuando esta carta salga al tablero de juego, añade el doble de su valor en pasos a tu Reserva, y descarta una carta. Remueve este naipe a la Pila de Descartes."
Fantasy Tokens.pdf,22,22,Edición Beta,BETA-073,texto de cartas,"73. Arpista Élfico. Edición Beta. Coste/Fuerza: 5. Tipo: Token de Criatura. Habilidades: gira esta carta, busca una carta en tu mazo de recursos y ponla en tu mano. Mezcla de nuevo tu baraja."
Fantasy Tokens.pdf,22,22,Edición Beta,BETA-074,texto de cartas,"74. Necrópolis Olvidada. Edición Beta. Coste/Fuerza: 10. Tipo: Token de Artefacto. Efectos: cuando esta carta salga al tablero de juego, pon en el mismo una ficha de zombi de Fuerza 5 en cada fase de descarte por cada carta que mandes de tu"
Fantasy Tokens.pdf,22,22,Edición Beta,BETA-075,texto de cartas,"75. Guerrero No Muerto. Edición Beta. Coste/Fuerza: 5. Tipo: Token de Criatura. Habilidades: el Guerrero No Muerto entra en juego girado. Cada vez que reciba daño letal, en vez de mandarlo a la Pila de Descartes, reduce su Fuerza en 1 y pie"
Fantasy Tokens.pdf,22,22,Edición Beta,BETA-076,texto de cartas,"76. Pacto del Abismo. Edición Beta. Coste/Fuerza: 10. Tipo: Token de Evento. Efectos: el Pacto del Abismo entra en juego girado, y no se endereza de forma normal. Pagar 5 Heridas: endereza el Pacto, roba 5 cartas o destruye una criatura del"
Fantasy Tokens.pdf,23,23,Edición Beta,BETA-077,texto de cartas,"77. Mano Presa Cuellos. Edición Beta. Coste/Fuerza: 3. Tipo: Token de Criatura. Habilidades: la Mano Presa Cuellos se anexa a la criatura del oponente objetivo cuando sale a juego, y si no, a una de tus criaturas. En cada turno, la Mano Pre"
Fantasy Tokens.pdf,23,23,Edición Beta,BETA-078,texto de cartas,"78. Demonio Abismal. Edición Beta. Coste/Fuerza: 20. Tipo: Token de Criatura. Habilidades: Vuelo. Cuando el Demonio entre en juego, manda 10 cartas a tu Pila de Descartes desde tu mazo de recursos, y 5 en cada turno activo siguiente."
Fantasy Tokens.pdf,23,23,Edición Beta,BETA-079,texto de cartas,"79. Alma en Pena. Edición Beta. Coste/Fuerza: 0. Tipo: Token de Criatura. Habilidades: siempre que el Alma en Pena reciba daño de combate o de cualquier otra fuente, aumenta su Fuerza en ese mismo daño. Sigue siendo una carta de coste 0, y"
Fantasy Tokens.pdf,23,23,Edición Beta,BETA-080,texto de cartas,"80. La Reina de las Hadas. Edición Beta. Coste/Fuerza: 10. Tipo: Token de Criatura. Habilidades: Vuelo. Todas las criaturas de tipo Pixy, Elfo o Duende obtienen +5 a la Fuerza, pero siguen conservando su coste original."
Fantasy Tokens.pdf,23,23,Edición Beta,BETA-081,texto de cartas,"81. Mascarada. Edición Beta. Coste/Fuerza: 0. Tipo: Token Legendario. Efectos: cuando la Mascarada entre en juego, mira la mano del jugador objetivo, busca en su mazo el mismo número de cartas y sustitúyela por esas. A continuación, remueve"
Fantasy Tokens.pdf,23,23,Edición Beta,BETA-082,texto de cartas,"82. Rey de los Hombres. Edición Beta. Coste/Fuerza: 20. Tipo: Token de Criatura. Habilidades: todos los tokens de Hombre, Humano, Homínido o mortal obtienen +5 a su Fuerza, y no se giran al atacar. Siguen siendo cartas del mismo coste."
Fantasy Tokens.pdf,23,23,Edición Beta,BETA-083,texto de cartas,"83. Druida Ermitaño. Edición Beta. Coste/5. Tipo: Token de Criatura. Habilidades: girar el Druida Ermitaño, suma 5 a tu Reserva de pasos, descártate de una carta."
Fantasy Tokens.pdf,23,23,Edición Beta,BETA-084,texto de cartas,"84. Sacrificio Ritual. Edición Beta. Coste/Fuerza: 5. Tipo: Recurso Rápido. Efectos: cuando esta carta entre en juego, sacrifica la criatura objetivo bajo tu control. A continuación, busca en tu mazo cualquier carta o token legendario y bar"
Fantasy Tokens.pdf,23,23,Edición Beta,BETA-085,texto de cartas,"85. Amor Eterno. Edición Beta. Coste/Fuerza: 10. Tipo: Recurso Rápido. Efectos: cuando el Amor Eterno salga al tablero de juego, elige una criatura objetivo, y busca una carta de criatura de la Pila de Descartes, ponla en tu mano. Remueve e"
Fantasy Tokens.pdf,23,23,Edición Beta,BETA-086,texto de cartas,"86. Insomnio. Edición Beta. Coste/Fuerza: 5. Tipo: Recurso Rápido. Efectos: equipa el Insomnio a la criatura objetivo, gírala. Esta criatura no puede enderezarse mientras este anexada."
Fantasy Tokens.pdf,23,23,Edición Beta,BETA-087,texto de cartas,"87. Horizontes Infinitos. Edición Beta. Coste/Fuerza: 20. Tipo: Token Legendario. Efectos: cuenta hasta 20 cartas del mazo de recursos, mézclalas, cuenta hasta 15, pon el naipe final en juego. De esas 15, cuenta hasta 10, pon ese naipe en j"
Fantasy Tokens.pdf,23,23,Edición Beta,BETA-088,texto de cartas,"88. Lagrimas del Paraíso. Edición Beta. Coste/Fuerza: 20. Tipo: Token de Evento. Efectos: cuando esta carta entre en juego, endereza todas tus criaturas, gana 10 pasos y pierdes 10 Heridas. Descártate de tu mano y remueve esta carta a la Pi"
Fantasy Tokens.pdf,24,24,Edición Beta,BETA-089,texto de cartas,"89. Abnegación Final. Edición Beta. Coste/Fuerza: 20. Tipo: Token de Evento. Efectos: cuando este naipe salga a juego, todos los jugadores cuentan el número total de cartas en su Pila de Descartes. Todos ellos sufren un numero de Heridas ig"
Fantasy Tokens.pdf,24,24,Edición Beta,BETA-090,texto de cartas,"90. El Joker. Edición Beta. Coste/Fuerza: 0. Tipo: Token Legendario. Efectos: esta carta se transforma en cualquier permanente en juego hasta el final del turno, pudiéndose elegir nuevos objetivos en los siguientes. Descártate de una carta"
Fantasy Tokens.pdf,24,24,Edición Beta,BETA-091,texto de cartas,"91. Rey de los Elfos. Edición Beta. Coste/Fuerza: 20. Tipo: Token Legendario. Habilidades: el Rey de los Elfos entra en juego girado, es inmune a Eventos y Recursos Rápidos. Otorga +5 a su Fuerza a todos los Elfos. Siguen siendo tokens con"
Fantasy Tokens.pdf,24,24,Edición Beta,BETA-092,texto de cartas,"92. Gea, la Madre Tierra. Edición Beta. Coste/Fuerza: 25. Tipo: Token Divino. Efectos: Gea, la Madre Tierra, es Indestructible, inmune a Eventos o Recursos Rápidos y no se gira al atacar. Cada vez que se produzca una transmutación, Gea suma"
Fantasy Tokens.pdf,24,24,Edición Beta,BETA-093,texto de cartas,"93. Aberración Cósmica. Edición Beta. Coste/Fuerza: 25. Tipo: Token Legendario. Efectos: como coste adicional para jugar esta carta, puedes enviar tantas cartas a la Pila de Descartes como Heridas quieras infringirte, aumentando en +1 la Fu"
Fantasy Tokens.pdf,24,24,Edición Beta,BETA-094,texto de cartas,"94. El Inmortal Errante. Edición Beta. Coste/Fuerza: 5. Tipo: Token Legendario. Habilidades: puedes mandar 5 cartas a la Pila de Descartes en vez de pagar el coste del Inmortal para sacarlo a juego. Es Indestructible, y no se gira al atacar"
Fantasy Tokens.pdf,24,24,Edición Beta,BETA-095,texto de cartas,"95. Tablillas Cuneiformes. Edición Beta. Coste/Fuerza: 10. Tipo: Token de Evento. Efectos: cuando este token entre a juego, solo se recibe 1 paso en cada fase de activa, solo se pueden jugar Eventos una vez por turno y no se pueden jugar Re"
Fantasy Tokens.pdf,24,24,Edición Beta,BETA-096,texto de cartas,"96. Destrucción. Edición Beta. Coste/Fuerza: 5. Tipo: Recurso Rápido. Efectos: destruye el token objetivo, mándalo a la Pila de Descartes. Si es legendario, regrésalo a la mano de su propietario y pierde la mitad de tus Heridas."
Fantasy Tokens.pdf,24,24,Edición Beta,BETA-097,texto de cartas,"97. Caminante Para Dimensional. Edición Beta. Coste/Fuerza: 20. Tipo: Token de Criatura. Habilidades: el Caminante entra en juego girado, y no se endereza de forma normal. Pagar 10 pasos: enderézalo, roba 10 cartas de tu mazo de recursos y"
Fantasy Tokens.pdf,24,24,Edición Beta,BETA-098,texto de cartas,"98. Duendecillo Combo Finito. Edición Beta. Coste/Fuerza: 1. Tipo: Token Legendario. Habilidades: cuando el Duendecillo Combo Finito entre al tablero, mézclalo en tu mazo de recursos. Coge 5 cartas de tu baraja, enséñalas boca arriba. Sino"
Fantasy Tokens.pdf,25,25,Edición Beta,BETA-099,texto de cartas,"99. Pluma de Fénix. Edición Beta. Coste/Fuerza: 0. Tipo: Token Legendario. Efectos: mandar la Pluma de Fénix a la Pila: recupera todas tus Heridas, vacía tu Reserva de pasos."
Fantasy Tokens.pdf,25,25,Edición Beta,BETA-100,texto de cartas,"100. Palabras de Poder. Edición Beta. Coste/Fuerza: 5. Tipo: Recurso Rápido. Efectos: pon del revés la carta de criatura objetivo hasta el final del turno. La carta así volteada, no puede atacar, bloquear o usar habilidades. Remueve esta ca"
Fantasy Tokens.pdf,25,25,Edición Beta,BETA-101,texto de cartas,"101. El Escriba. Edición Beta. Coste/Fuerza: 5. Tipo: Token de Criatura. Habilidades: pagar 5 pasos, mira las cinco primeras cartas de tu biblioteca, colócalas en cualquier orden."
Fantasy Tokens.pdf,25,25,Edición Beta,BETA-102,texto de cartas,"102. El Sacerdote. Edición Beta. Coste/Fuerza: 5. Tipo: Token de Criatura. Habilidades: el Sacerdote entra en juego girado. Pagar 5 pasos: endereza el Sacerdote, manda el Artefacto, Evento o Equipo objetivo a la Pila de Descartes."
Fantasy Tokens.pdf,25,25,Edición Beta,BETA-103,texto de cartas,"103. El Funcionario. Edición Beta. Coste/Fuerza: 5. Tipo: Token de Criatura. Habilidades: el Funcionario no puede atacar ni bloquear, ni puede ser transmutado. Enviar el Funcionario a la Pila de Descartes: el oponente objetivo no puede juga"
Fantasy Tokens.pdf,25,25,Edición Beta,BETA-104,texto de cartas,104. Impuesto del Orbe. Edición Beta. Coste/Fuerza: 5. Tipo: Token de Evento. Efectos: todas las criaturas reducen su Fuerza hasta sus valores y costes normales. Envía esta carta a la Pila de Descartes.
Fantasy Tokens.pdf,25,25,Edición Beta,BETA-105,texto de cartas,"105. Pergamino de Crónicas. Edición Beta. Coste/Fuerza: 1. Tipo: Recurso Rápido. Efectos: el jugador objetivo roba una carta de su mazo de recursos, o descarta una carta de su mano. Envía el pergamino a la Pila de Descartes."
Fantasy Tokens.pdf,25,25,Edición Beta,BETA-106,texto de cartas,"106. Fragua Primitiva. Edición Beta. Coste/Fuerza: 10. Tipo: Token de Evento. Efectos: la Fragua entra en juego girada. Pagar 5 pasos: endereza la Fragua Primitiva, busca en tu mazo de recursos una carta de Artefacto o Equipo y ponla en tu"
Fantasy Tokens.pdf,25,25,Edición Beta,BETA-107,texto de cartas,"107. Punzón del Escriba. Edición Beta. Coste/Fuerza: 5. Tipo: Token de Artefacto. Efectos: gira esta carta, designar un permanente: las habilidades de esa carta no pueden ser usadas hasta el final del turno."
Fantasy Tokens.pdf,25,25,Edición Beta,BETA-108,texto de cartas,"108. Mangosta. Edición Beta. Coste/Fuerza: 1. Tipo: Token de Criatura. Habilidades: Vuelo. Cuando la Mangosta salga a juego, busca en tu mazo otra carta de Mangosta, y ponla en tu mano, baraja."
Fantasy Tokens.pdf,25,25,Edición Beta,BETA-109,texto de cartas,"109. Espada de Bronce. Edición Beta. Coste/Fuerza: 5. Tipo: Token de Equipo. Efectos: la criatura equipada suma +2 a su Fuerza, y no se gira al atacar. Si la Espada de Bronce fuese a la Pila de Descartes, en vez de eso, barájala en tu mazo"
Fantasy Tokens.pdf,25,25,Edición Beta,BETA-110,texto de cartas,"110. Transmutación. Edición Beta. Coste/Fuerza: 5. Tipo: Recurso Rápido. Efectos: elige un permanente de cualquier jugador en juego, transmútalo y extrae sus pasos para tu Reserva, envía la Transmutación a la Pila de Descartes."
Fantasy Tokens.pdf,25,25,Edición Beta,BETA-111,texto de cartas,"111. Cuentas Pendientes. Edición Beta. Coste/Fuerza: 3. Tipo: Token de Evento. Efectos: mira la mano del jugador objetivo. Elige de ahí un token, envíalo a la Pila de Descartes de su propietario. Remueve esta carta a la Pila de Descartes."
Fantasy Tokens.pdf,25,25,Edición Beta,BETA-112,texto de cartas,"112. Guerrero del Inframundo. Edición Beta. Coste/Fuerza: 10. Tipo: Token de Criatura. Habilidades: esta criatura no se exhausta, ni se gira al atacar. Pagar 5 pasos: Fantasy Tokens Sistema de Cartas Temáticas Página 26 disminuye en 5 la Fu"
Fantasy Tokens.pdf,26,26,Edición Beta,BETA-113,texto de cartas,"113. El Pastor. Edición Beta. Coste/Fuerza: 5. Tipo: Token de Criatura. Habilidades: gira esta carta, paga 10 pasos: pon en juego una ficha de Oveja de Fuerza 5 en el tablero. No puede ser transmutada."
Fantasy Tokens.pdf,26,26,Edición Beta,BETA-114,texto de cartas,114. Pan del Camino. Edición Beta. Coste/Fuerza: 5. Tipo: Recurso Rápido. Efectos: la criatura o jugador objetivo gana o recupera 5 Heridas. Remueve esta carta a la Pila de Descartes.
Fantasy Tokens.pdf,26,26,Edición Beta,BETA-115,texto de cartas,"115. Escudo de Pieles. Edición Beta. Coste/Fuerza: 5. Tipo: Token de Equipo. Efectos: la criatura equipada ignora las primeras 5 Heridas recibidas mediante el daño de combate, Eventos, Recursos Rápidos o similares."
Fantasy Tokens.pdf,26,26,Edición Beta,BETA-116,texto de cartas,"116. Lanza Jabalinas. Edición Beta. Coste/Fuerza: 5. Tipo: Token de Equipo. Efectos: la criatura equipada obtiene la siguiente habilidad: gira esta carta, infringe 3 Heridas a la criatura o jugador objetivo."
Fantasy Tokens.pdf,26,26,Edición Beta,BETA-117,texto de cartas,"117. Goblin Perforador. Edición Beta. Coste/Fuerza: 5. Tipo: Token de Criatura. Habilidades: Cavar. Cuando el Goblin Perforador haga daño de combate, mira las 3 primeras cartas de tu mazo de recursos."
Fantasy Tokens.pdf,26,26,Edición Beta,BETA-118,texto de cartas,118. Dia de Paga. Edición Beta. Coste/Fuerza: 3. Recurso Rápido. Efectos: añade 5 pasos a tu Reserva de pasos. Remueve esta carta a la Pila de Descartes.
Fantasy Tokens.pdf,26,26,Edición Beta,BETA-119,texto de cartas,"119. Pixy Danzante. Edición Beta. Coste/Fuerza: 1. Tipo: Token de Criatura. Habilidades: esta criatura es Indestructible, y entra en juego girada. Robar una carta de tu mazo de recursos: endereza la Pixy Danzante, roba otra carta o descarta"
Fantasy Tokens.pdf,26,26,Edición Beta,BETA-120,texto de cartas,"120. Flautista de los Bosques. Edición Beta. Coste/Fuerza: 5. Tipo: Token de criatura. Habilidades: girar esta carta, pagar X pasos: la criatura con Fuerza X no puede ser bloqueada hasta el final del turno."
Fantasy Tokens.pdf,26,26,Edición Beta,BETA-121,texto de cartas,121. Enderezar. Edición Beta. Coste/Fuerza: 10. Tipo: Token de Evento. Efectos: endereza todos los permanentes del tablero de juego. Remueve esta carta a la Pila de Descartes.
Fantasy Tokens.pdf,26,26,Edición Beta,BETA-122,texto de cartas,122. Girar. Edición Beta. Coste/Fuerza: 10. Tipo: Token de Evento. Efectos: gira todos los permanentes del juego. Remueve esta carta a la Pila de Descartes.
Fantasy Tokens.pdf,26,26,Edición Beta,BETA-123,texto de cartas,"123. Enano Gaitero. Edición Beta. Coste/Fuerza: 10. Tipo: Token de Criatura. Habilidades: pagar 5 pasos, todas tus criaturas obtienen +3 a su Fuerza, y no pueden ser giradas o exhaustadas."
Fantasy Tokens.pdf,26,26,Edición Beta,BETA-124,texto de cartas,"124. Enano Bailarín. Edición Beta. Coste/Fuerza: 10. Tipo: Token de Criatura. Habilidades: el Enano Bailarín no puede ser objetivo de Recursos Rápidos, Eventos o habilidades."
Fantasy Tokens.pdf,26,26,Edición Beta,BETA-125,texto de cartas,"125. Enano Hacha de Tormenta. Edición Beta. Coste/Fuerza: 10. Tipo: Token de Criatura. Habilidades: el Enano Hacha Tormenta es imbloqueable, y no se gira al atacar. Si este naipe es girado de alguna forma, envíalo a la Pila de Descartes."
Fantasy Tokens.pdf,26,26,Edición Beta,BETA-126,texto de cartas,"126. Enano Berseker. Edición Beta. Coste/Fuerza: 10. Tipo: Token de Criatura. Habilidades: siempre que el Enano Berseker vaya a la Pila de Descartes, en vez de eso, regrésalo al juego girado con 1 menos de Fuerza. Si llegara a Fuerza 0, mán"
Fantasy Tokens.pdf,27,27,Edición Beta,BETA-127,texto de cartas,"127. Enano Escudo Pétreo. Edición Beta. Coste/Fuerza: 10. Tipo: Token de Criatura. Habilidades: esta carta reduce en 3 todas las Heridas recibidas en la fase de combate, o por medio de Eventos o Recursos Rápidos."
Fantasy Tokens.pdf,27,27,Edición Beta,BETA-128,texto de cartas,"128. Rey de los Enanos. Edición Beta. Coste/Fuerza: 20. Tipo: Token Legendario. Habilidades: todos los Enanos, Bárbaros y Bersekeres obtienen +5 a su Fuerza. Siguen siendo criaturas con los mismos costes en pasos. El Rey de los Enanos es in"
Fantasy Tokens.pdf,27,27,Edición Beta,BETA-129,texto de cartas,"129. Elfo Oscuro. Edición Beta. Coste/Fuerza: 10. Tipo: Token de Criatura. Habilidades: el Elfo Oscuro no se gira al atacar. Siempre que una criatura que reciba daño letal de este token vaya a la Pila, no puede ser transmutada."
Fantasy Tokens.pdf,27,27,Edición Beta,BETA-130,texto de cartas,"130. Espada de Bronce Tenebroso. Edición Beta. Coste/Fuerza: 20. Tipo: Token Legendario. Efectos: anexar o equipar la Espada de Bronce Tenebroso cuesta 0 pasos. Cuando equipes a Bronce Tenebroso, destruye la criatura equipada, y pon un nume"
Fantasy Tokens.pdf,27,27,Edición Beta,BETA-131,texto de cartas,"131. Menhir Antiguo. Edición Beta. Coste/Fuerza: 5. Tipo: Token de Artefacto. Efectos: girar el Menhir Antiguo, añade 5 pasos a tu Reserva, descarta una carta. Si no, puedes descartar ningún naipe, envía el Menhir a la Pila de Descartes."
Fantasy Tokens.pdf,27,27,Edición Beta,BETA-132,texto de cartas,"132. Tótem de los Antepasados. Edición Beta. Coste/Fuerza: 3. Tipo: Token de Artefacto. Habilidades: el Tótem de los Antepasados entra en juego girado. Pagar 1 paso: endereza el Tótem sobre la mesa, coge 10 cartas de tu mazo de recursos, po"
Fantasy Tokens.pdf,27,27,Edición Beta,BETA-133,texto de cartas,"133. Guardián del Fuego. Edición Beta. Coste/Fuerza: 5. Tipo: Token de Criatura. Habilidades: cuando el Guardián del Fuego entre en juego, infringe 5 Heridas repartidas como quieras entre cualquier numero de criaturas y/o jugadores objetivo"
Fantasy Tokens.pdf,27,27,Edición Beta,BETA-134,texto de cartas,"134. Bufonadas. Edición Beta. Coste/Fuerza: 0. Tipo: Token Legendario. Efectos: cuando este token salga al tablero de juego, cambia cualquier numero de tokens o permanentes de tu mano por los de la mesa, y pon los de la mesa en tu mano. Env"
Fantasy Tokens.pdf,27,27,Edición Beta,BETA-135,texto de cartas,"135. Lluvia de Flechas. Edición Beta. Coste/Fuerza: 10. Tipo: Token de Evento. Efectos: las criaturas del jugador objetivo sufren 10 Heridas, divididas como quieras entre cada una de ellas. Remueve esta carta a la Pila de Descartes."
Fantasy Tokens.pdf,27,27,Edición Beta,BETA-136,texto de cartas,"136. Lince de los Bosques. Edición Beta. Coste/Fuerza: 5. Tipo: Token de Criatura. Habilidades: pagar 5 pasos, esta criatura es inmune a Recursos Rápidos."
Fantasy Tokens.pdf,27,27,Edición Beta,BETA-137,texto de cartas,"137. Ratón Invernal. Edición Beta. Coste/Fuerza: 1. Tipo: Token de Criatura. Habilidades: Camuflaje (esta criatura no puede ser bloqueada, excepto por criaturas con la misma habilidad)."
Fantasy Tokens.pdf,27,27,Edición Beta,BETA-138,texto de cartas,"138. Lechuza Invernal. Edición Beta. Coste/Fuerza: 5. Tipo: Token de Criatura. Habilidades: Vuelo. Gira esta carta, paga 5 pasos: la criatura objetivo pierde la habilidad de Vuelo, Camuflaje o Cavar hasta el final del turno."
Fantasy Tokens.pdf,27,27,Edición Beta,BETA-139,texto de cartas,139. Druida Estelar. Edición Beta. Coste/Fuerza: 5. Tipo: Token de Criatura. Habilidades: el Druida Estelar no puede atacar ni bloquear. Pagar 5 pasos: sube el permanente objetivo a la mano de su propietario. Fantasy Tokens Sistema de Carta
Fantasy Tokens.pdf,28,28,Edición Beta,BETA-140,texto de cartas,140. Fósil Antiguo. Edición Beta. Coste/Fuerza: 10. Tipo: Token de Evento. Efectos: pagar 10 pasos: transforma este token en una criatura Reptil Antiguo de Fuerza 20 hasta el final del turno.
Fantasy Tokens.pdf,28,28,Edición Beta,BETA-141,texto de cartas,"141. Tablilla de Arcilla. Edición Beta. Coste/Fuerza: 5. Tipo: Token de Evento. Efectos: la Tablilla de Arcilla entra en juego girada. Pagar 5 pasos: endereza la Tablilla, baraja tu mazo de recursos, roba 5 cartas y pierde 3 Heridas. Gira l"
Fantasy Tokens.pdf,28,28,Edición Beta,BETA-142,texto de cartas,142. Duende Lanza Descargas. Edición Beta. Coste/Fuerza: 3. Tipo: Token de Criatura. Habilidades: el Duende Lanza Descargas no se endereza de forma normal. Pagar 5 pasos: pon en juego una ficha de Descarga de Fuerza 1 por cada permanente en
Fantasy Tokens.pdf,28,28,Edición Beta,BETA-143,texto de cartas,"143. Centauro Batallador. Edición Beta. Coste/Fuerza: 20. Tipo: Token de Criatura. Habilidades: esta criatura no se gira al atacar, y reduce en 5 las Heridas recibidas por daño de combate, Eventos, Recursos o Habilidades."
Fantasy Tokens.pdf,28,28,Edición Beta,BETA-144,texto de cartas,"144. Zombi de la Ponzoña. Edición Beta. Coste/Fuerza: 5. Tipo: Token de Criatura. Habilidades: el Zombi de la Ponzoña entra en juego girado. Siempre que bloquee o sea bloqueado, destruye la criatura a la que infrinja daño de combate."
Fantasy Tokens.pdf,28,28,Edición Beta,BETA-145,texto de cartas,"145. El Nigromante. Edición Beta. Coste/Fuerza: 10. Tipo: Token de Criatura. Habilidades: pagar 5 pasos: siempre que una criatura vaya a la Pila de Descartes, pon en juego una ficha de criatura Zombi de Fuerza 5 bajo tu control. Estas ficha"
Fantasy Tokens.pdf,28,28,Edición Beta,BETA-146,texto de cartas,"146. Ogro Primordial. Edición Beta. Coste/Fuerza: 50. Tipo: Token de Criatura. Habilidades: el Ogro Primordial entra en juego girado, y no puede ser enderezado de manera normal. Pagar 20 Heridas: endereza el Ogro Primordial hasta el final d"
Fantasy Tokens.pdf,28,28,Edición Beta,BETA-147,texto de cartas,"147. Hierba de la Esperanza. Edición Beta. Coste/Fuerza: 0. Tipo: Token Legendario. Efectos: todo el daño de combate es ignorado este turno, y pones tantos Recursos Rápidos en tu mano de tu baraja como pasos poseas en tu Reserva. Vacía tus"
Fantasy Tokens Edicion Mitica.pdf,4,3,Edición Mítica,MITICA-001,texto de cartas,"Creación (nº 001. Edición Mítica). Tipo: Recurso Rápido. Coste: 5. ""Cuando esta carta entre en el tablero, busca una carta de Evento, criatura o Equipo en tu mazo de Recursos. Remueve esta carta a la Pila de Descartes."""
Fantasy Tokens Edicion Mitica.pdf,4,3,Edición Mítica,MITICA-002,texto de cartas,"Destrucción (nº002. Edición Mítica). Tipo: Recurso Rápido. Coste: 5. ""Mira la mano del oponente y/o jugador objetivo, elige un Token de Recurso Rápido, Evento o Artefacto y haz que se descarte de ella. Remueve esta carta a la Pila de Descar"
Fantasy Tokens Edicion Mitica.pdf,4,3,Edición Mítica,MITICA-003,texto de cartas,"El Orbe Celeste. (nº003. Edición Mítica). Tipo: Recurso Rápido. Coste: 10. ""Cuando este naipe entre en juego, busca una carta de criatura de tu mazo, ya sea de tipo Ángel, Elfo o Pixie, ponlo en tu mano, reduce su coste de bajada en 5 Pasos"
Fantasy Tokens Edicion Mitica.pdf,4,3,Edición Mítica,MITICA-004,texto de cartas,"El Portal. (nº004. Edición Mítica). Tipo: Evento. Coste: 10. ""Elige una criatura del tablero, remuévela a la Pila de Descartes. Gana 5 Pasos, puede ser transmutada de forma normal. Remueve esta carta a la Pila de Descartes."""
Fantasy Tokens Edicion Mitica.pdf,4,3,Edición Mítica,MITICA-005,texto de cartas,"Pixie Cantante. (nº005. Edición Mítica). Tipo: Token de Criatura. Coste/Fuerza: 5. ""Cuando la Pixie Cantante entre en juego, gira la carta de criatura objetivo hasta el final del turno. Esta carta no puede ser transmutada, en vez de eso, gi"
Fantasy Tokens Edicion Mitica.pdf,4,3,Edición Mítica,MITICA-006,texto de cartas,"Pixie Bailarina. (nº006. Edición Mítica). Tipo: Token de Criatura. Coste/Fuerza: 5. ""Vuelo. La Pixie Bailarina entra en juego girada. Robar una carta: endereza la Pixie, roba una carta, gira la Pixie."""
Fantasy Tokens Edicion Mitica.pdf,4,3,Edición Mítica,MITICA-007,texto de cartas,"Pixie de la Luz. (nº007. Edición Mítica). Tipo: Token de Criatura. Coste/Fuerza: 5. ""Vuelo. La Pixie de la Luz es inmune a Recursos Rápidos."" Fantasy Tokens Edición Mítica Página 4"
Fantasy Tokens Edicion Mitica.pdf,5,4,Edición Mítica,MITICA-008,texto de cartas,"Pixie Melancólica. (nº008. Edición Mítica). Tipo: Token de Criatura. Coste/Fuerza: 5. ""Vuelo. Pagar 2 Heridas: roba una carta en tu Fase Activa. Pagar 5 Heridas: el jugador objetivo se descarta de una carta al azar."""
Fantasy Tokens Edicion Mitica.pdf,5,4,Edición Mítica,MITICA-009,texto de cartas,"Pixie Encantadora. (nº009. Edición Mítica). Tipo: Token de Criatura. Coste/Fuerza: 5. ""Si la Pixie Encantadora entra en juego, ponla aparte con el permanente del jugador objetivo. Este permanente no puede ser usado de ninguna manera hasta q"
Fantasy Tokens Edicion Mitica.pdf,5,4,Edición Mítica,MITICA-010,texto de cartas,"Pixie Abjuradora Aprendiz. (nº010. Edición Mítica). Tipo: Token de Criatura. Coste/Fuerza: 5. ""Girar la Pixie Abjuradora, subirla a tu mano, sube a la mano del jugador objetivo el permanente designado. Juega esta habilidad siempre como un E"
Fantasy Tokens Edicion Mitica.pdf,5,4,Edición Mítica,MITICA-011,texto de cartas,"Pixie Ladrona. (nº011. Edición Mítica). Tipo: Token de Criatura. Coste/Fuerza: 5. ""Cuando la Pixie Ladrona entre a juego, roba 5 Pasos de la Reserva del jugador objetivo. Sino, robas 5 Heridas."""
Fantasy Tokens Edicion Mitica.pdf,5,4,Edición Mítica,MITICA-012,texto de cartas,"Pixie Mentirosa. (nº012. Edición Mítica). Tipo: Token de Criatura. Coste/Fuerza: 5. ""Cuando esta carta entre al tablero de juego, nombra un tipo de criatura (Goblin, Enano, Demonio, Aberración, etc.). estas cartas no podrán jugarse hasta qu"
Fantasy Tokens Edicion Mitica.pdf,5,4,Edición Mítica,MITICA-013,texto de cartas,"Selena, el Hada de los Deseos. (nº013. Edición Mítica). Tipo: Token de Criatura. Coste/Fuerza: 10. ""Vuelo, inmunidad a Recursos Rápidos. Pagar 5 Pasos: la Pixie objetivo es inmune a Recursos Rápidos, Eventos o habilidades. Pagar 10: la Pixi"
Fantasy Tokens Edicion Mitica.pdf,5,4,Edición Mítica,MITICA-014,texto de cartas,"Alisa, el Hada del Sueño. (nº014. Edición Mítica). Tipo: Token de Criatura. Coste/Fuerza: 10. ""Vuelo, inmunidad a Eventos. Girar esta carta: gira una criatura objetivo por cada Paso en tu Reserva, pierdes este nº de Pasos a tu elección. Pue"
Fantasy Tokens Edicion Mitica.pdf,5,4,Edición Mítica,MITICA-015,texto de cartas,"Alondra, el Hada de los Juegos. (nº015. Edición Mítica). Tipo: Token de Criatura. Coste/Fuerza: 10. ""Vuelo, inmunidad a habilidades. Coge la baraja del jugador objetivo, manda la mitad de su mazo a la Pila de Descartes cuando Alondra entra"
Fantasy Tokens Edicion Mitica.pdf,5,4,Edición Mítica,MITICA-016,texto de cartas,"Melara, el Hada Naturista. (nº016. Edición Mítica). Tipo: Token de Criatura. Coste/Fuerza: 10. ""Vuelo. Cuando este naipe entre en juego, descarta todos los artefactos y Equipos de la mano del jugador objetivo. Si están en la mesa, remuévelo"
Fantasy Tokens Edicion Mitica.pdf,5,4,Edición Mítica,MITICA-017,texto de cartas,"La Reina de las Hadas, Elora. (nº017. Edición Mítica). Tipo: Token de Criatura. Coste/Fuerza: 15. ""La Reina de las Hadas es inmune a Eventos y Recursos Rápidos. +5 a la Fuerza de todas las Hadas, Pixies, Duendes o Elfos. Vuelo, no se gira a"
Fantasy Tokens Edicion Mitica.pdf,5,4,Edición Mítica,MITICA-018,texto de cartas,"Rayo de Maná. (nº018. Edición Mítica). Tipo: Recurso Rápido. Coste: 5. ""Infringe 5 Heridas a la criatura o jugador objetivo. Remueve esta carta a la Pila de Descartes. Pagar 5 Heridas: sube esta carta de la Pila a tu mano."""
Fantasy Tokens Edicion Mitica.pdf,5,4,Edición Mítica,MITICA-019,texto de cartas,"Chorro de Llamas. (nº019. Edición Mítica). Tipo: Recurso Rápido. Coste: 5. ""Infringe 10 Heridas repartidas como quieras entre cualquier nº de jugadores y/o criaturas. Pierdes 5 Heridas. Remueve esta carta a la Pila. Pagar 5 Heridas: sube es"
Fantasy Tokens Edicion Mitica.pdf,6,5,Edición Mítica,MITICA-020,texto de cartas,"Rayo de Zorchang. (nº020. Edición Mítica). Tipo: Recurso Rápido. Coste: 10. ""Infringe 5 Heridas a la criatura objetivo, reduce su Fuerza en 5. Remueve esta carta a la Pila de Descartes."""
Fantasy Tokens Edicion Mitica.pdf,6,5,Edición Mítica,MITICA-021,texto de cartas,"Escudo de Zorchang. (nº021. Edición Mítica). Tipo: Recurso Rápido. Coste: 10. ""Prevén los siguientes 10 puntos de Heridas que sufras de una fuente de daño letal ya sea de cualquier clase, incluyendo al jugador objetivo."""
Fantasy Tokens Edicion Mitica.pdf,6,5,Edición Mítica,MITICA-022,texto de cartas,"Último Aliento. (nº022. Edición Mítica). Tipo: Evento. Coste: 10. ""Si fueras a quedar a 0 Heridas en el próximo turno, en vez de eso, regresas a la partida con 10 Heridas totales, pero vacías a cambio tu Reserva de Pasos. Remueve esta carta"
Fantasy Tokens Edicion Mitica.pdf,6,5,Edición Mítica,MITICA-023,texto de cartas,"Elfo de los Bosques. (nº023. Edición Mítica). Tipo: Token de Criatura. Coste/Fuerza: 10. ""Cuando el Elfo de los Bosques entre en juego, busca una carta de Recurso Rápido de tu mazo de Recursos y ponla en tu mano, baraja tu mazo."""
Fantasy Tokens Edicion Mitica.pdf,6,5,Edición Mítica,MITICA-024,texto de cartas,"Elfo Explorador. (nº024. Edición Mítica). Tipo: Token de Criatura. Coste/Fuerza: 10. ""Cuando esta carta entre en juego, busca una carta de Elfo de tu mazo de Recursos, ponla en tu mano, baraja tu mazo."""
Fantasy Tokens Edicion Mitica.pdf,6,5,Edición Mítica,MITICA-025,texto de cartas,"Elfo Montaraz. (nº025. Edición Mítica). Tipo: Token de Criatura. Coste/Fuerza: 10. ""Cuando este naipe entre en juego, busca una carta de Evento y ponla en tu mano. Baraja tu mazo de Recursos."""
Fantasy Tokens Edicion Mitica.pdf,6,5,Edición Mítica,MITICA-026,texto de cartas,"Elfo Adivinador. (nº026. Edición Mítica). Tipo: Token de Criatura. Coste/Fuerza: 10. ""Cuando esta carta entre en juego, mira la primera carta de tu mazo, si es de Elfo, ponla en tu mano, sino, ponla en la Pila de Descartes. Continua este pr"
Fantasy Tokens Edicion Mitica.pdf,6,5,Edición Mítica,MITICA-027,texto de cartas,"Elfo Duelista. (nº027. Edición Mítica). Tipo: Token de Criatura. Coste/Fuerza: 10. ""Cuando el Elfo Duelista entra en el tablero, puedes designar a cualquier criatura del jugador objetivo para usar la regla de Desafío con ella."""
Fantasy Tokens Edicion Mitica.pdf,6,5,Edición Mítica,MITICA-028,texto de cartas,"Elfo Cabalista. (nº028. Edición Mítica). Tipo: Token de Criatura. Coste/Fuerza: 10. ""Girar el Elfo Cabalista, pagar 5 Pasos: la criatura objetivo previene todo el daño de combate hasta el final del turno."""
Fantasy Tokens Edicion Mitica.pdf,6,5,Edición Mítica,MITICA-029,texto de cartas,"Alberich, el Rey de los Elfos. (nº029. Edición Mítica). Tipo: Token de Criatura/Señor de los Reinos. Coste/Fuerza: 20. ""Inmunidad a Recursos Rápidos, Eventos y habilidades. Pagar 5 de Fuerza: esta carta se transforma en una criatura. Pagar"
Fantasy Tokens Edicion Mitica.pdf,6,5,Edición Mítica,MITICA-030,texto de cartas,"Replicación. (nº030. Edición Mítica). Tipo: Recurso Rápido. Coste/Fuerza: 5. ""Suma 10 Pasos a tu Reserva. Manda esta carta a la Pila de Descartes."""
Fantasy Tokens Edicion Mitica.pdf,6,5,Edición Mítica,MITICA-031,texto de cartas,"Cantico de los Antepasados. (nº031. Edición Mítica). Tipo: Recurso Rápido. Coste: 5. ""El Evento, Recurso Rápido, Token de Criatura y/o Artefacto no tiene lugar al ser bajado. Remueve esta carta a la Pila de Descartes."""
Fantasy Tokens Edicion Mitica.pdf,6,5,Edición Mítica,MITICA-032,texto de cartas,"Susurros Escalofriantes. (nº032. Edición Mítica). Tipo: Evento. Coste: 10. ""Cuando esta carta entre al tablero de juego, mira las tres primeras cartas de la baraja del jugador objetivo, mándalas a la Pila de Descartes. Después, el dueño de"
Fantasy Tokens Edicion Mitica.pdf,6,5,Edición Mítica,MITICA-033,texto de cartas,"Viaje Hacia el Infinito. (nº033. Edición Mítica). Tipo: Recurso Rápido. Coste: 5. ""La carta de criatura objetivo es mandada a la Pila de Descartes. Después, busca en la Fantasy Tokens Edición Mítica Página 6 baraja mazo y mano del jugador y"
Fantasy Tokens Edicion Mitica.pdf,7,6,Edición Mítica,MITICA-034,texto de cartas,"Golpe Karmico. (nº034. Edición Mítica). Tipo: Evento. Coste: 10. ""Infringe daño a la criatura o jugador objetivo el equivalente al valor en Fuerza a una de tus criaturas o permanentes en juego, el cual enviaras a la Pila de Descartes. No pu"
Fantasy Tokens Edicion Mitica.pdf,7,6,Edición Mítica,MITICA-035,texto de cartas,"Estocada Magistral. (nº 035. Edición Mítica). Tipo: Evento. Coste: 5. ""Destruye el permanente objetivo y remuévelo a la Pila de Descartes. Envía después esta carta a la Pila."""
Fantasy Tokens Edicion Mitica.pdf,7,6,Edición Mítica,MITICA-036,texto de cartas,"Goblin Traicionero. (nº036. Edición Mítica). Tipo: Token de Criatura. Coste/Fuerza: 5. ""El Goblin Traicionero entra en juego girado. Pagar 5, girar esta carta: envía el Goblin Traicionero a la Pila, infringe 5 Heridas a la criatura o jugado"
Fantasy Tokens Edicion Mitica.pdf,7,6,Edición Mítica,MITICA-037,texto de cartas,"Goblin Espía. (nº037. Edición Mítica). Tipo: Token de Criatura. Coste/Fuerza: 5. ""Cuando esta carta entre en juego, anéxala al permanente objetivo, gírala. No puede usar sus habilidades, atacar o bloquear de forman normal, hasta que el Gobl"
Fantasy Tokens Edicion Mitica.pdf,7,6,Edición Mítica,MITICA-038,texto de cartas,"Goblin Kamikaze. (nº038. Edición Mítica). Tipo: Token de Criatura. Coste/Fuerza: 5. ""Cuando el Goblin Kamikaze entre en el tablero de juego, envíalo directamente a la Pila de Descartes, infringiendo a la criatura o jugador objetivo un nº de"
Fantasy Tokens Edicion Mitica.pdf,7,6,Edición Mítica,MITICA-039,texto de cartas,"Goblin Negociador. (nº039. Edición Mítica). Tipo: Token de Criatura. Coste/Fuerza: 5. ""Pagar 5 Pasos: arroja una moneda al aire, elige cara o cruz. Si aciertas, suma a tu Reserva de Pasos lo gastado más 5 Pasos de la Reserva del contrario y"
Fantasy Tokens Edicion Mitica.pdf,7,6,Edición Mítica,MITICA-040,texto de cartas,"Goblin Chapucero. (nº040. Edición Mítica). Tipo: Token de Criatura. Coste/Fuerza: 5. ""Pagar 5 Pasos: busca una carta de Artefacto o Equipo de tu mazo de recursos y ponla en tu mano, baraja tu mazo."""
Fantasy Tokens Edicion Mitica.pdf,7,6,Edición Mítica,MITICA-041,texto de cartas,"Goblin Volador. (nº041. Edición Mítica). Tipo: Token de Criatura. Coste/Fuerza: 5. ""Vuelo. El Goblin Volador no puede ser objetivo de Recursos Rápidos."""
Fantasy Tokens Edicion Mitica.pdf,7,6,Edición Mítica,MITICA-042,texto de cartas,"Graz, el General Goblin. (nº042. Edición Mítica). Tipo: Token de Criatura. Coste/Fuerza: 5. ""Cuando Graz baje a juego, puedes pagar hasta 5 Heridas para subir su Fuerza. Sigue siendo una carta con el mismo coste en Pasos base."""
Fantasy Tokens Edicion Mitica.pdf,7,6,Edición Mítica,MITICA-043,texto de cartas,"Zurullo, Vidente Goblin. (nº043. Edición Mítica). Tipo: Token de Criatura. Coste/Fuerza: 5. Pagar 5 Pasos: mira la mano del jugador objetivo, nombra una carta de ahí y no se podrá usar hasta que finalice el turno."""
Fantasy Tokens Edicion Mitica.pdf,7,6,Edición Mítica,MITICA-044,texto de cartas,"Kril, Consejero Goblin. (nº044. Edición Mítica). Tipo: Token de Criatura. Coste/Fuerza: 5. ""Cuando Kril entre en juego, busca en tu mazo de recursos tantas cartas de tipo Goblin como Pasos tengas en tu Reserva. A continuación, ponlos en tu"
Fantasy Tokens Edicion Mitica.pdf,7,6,Edición Mítica,MITICA-045,texto de cartas,"Ojo Podrido, Rey de los Goblin. (nº045. Edición Mítica). Tipo: Token de Criatura/Señor de los Reinos. Coste/Fuerza: 10. ""Inmunidad a Recursos Rápidos, Eventos y Habilidades. Pagar 5 de Fuerza: otorga +5 de Fuerza a todos los Goblins y Orcos"
Fantasy Tokens Edicion Mitica.pdf,8,7,Edición Mítica,MITICA-046,texto de cartas,"Música de las Esferas. (nº046. Edición Mítica). Tipo: Token de Evento. Coste: 10. ""Cuando esta carta entre en juego, busca 5 cartas al azar de tu mazo de recursos volteadas, elige tres, ponlas en tu mano. Las otras dos puedes jugarlas sin p"
Fantasy Tokens Edicion Mitica.pdf,8,7,Edición Mítica,MITICA-047,texto de cartas,"Negación Abismal. (nº047. Edición Mítica). Tipo: Token de Evento. Coste: 5 Pasos, 5 Heridas, 5 cartas del mazo a la Pila. ""Cuando la Negación Abismal entre al tablero de juego, envía todos los permanentes en mesa a la Pila de Descartes. Pue"
Fantasy Tokens Edicion Mitica.pdf,8,7,Edición Mítica,MITICA-048,texto de cartas,"Ira de los Antiguos. (nº048. Edición Mítica). Tipo: Token de Evento: Coste: 5 Pasos, 5 Heridas, 5 cartas del mazo a la Pila. ""Cuando la Ira de los Antiguos entre al tablero, envía todos los permanentes del jugador objetivo a su baraja, vací"
Fantasy Tokens Edicion Mitica.pdf,8,7,Edición Mítica,MITICA-049,texto de cartas,"Bucle Espacio/Temporal. (nº049. Edición Mítica). Tipo: Token de Evento. Coste: 5 Pasos, 5 Heridas, 5 cartas del mazo a la Pila. ""Cuando esta carta entre en el tablero, manda todos tus permanentes al mazo de recursos, el oponente hace lo mis"
Fantasy Tokens Edicion Mitica.pdf,8,7,Edición Mítica,MITICA-050,texto de cartas,"Cólera de Zorchang. (nº050. Edición Mítica). Tipo: Token de Evento. Coste: 5 Pasos, 5 Heridas, 5 cartas del mazo a la Pila de Descartes. ""Cuando la Cólera entre en el tablero de juego, infringe al jugador objetivo tantas Heridas como coste"
Fantasy Tokens Edicion Mitica.pdf,8,7,Edición Mítica,MITICA-051,texto de cartas,"La Hora Héxima. (nº051. Edición Mítica). Tipo: Token de Evento. Coste: 5 Pasos, 5 Heridas, 5 cartas del mazo a la Pila de Descartes. ""Cuenta hasta 10 cartas del mazo y mándalas a la Pila. Infringe Heridas igual al coste en Pasos de esas car"
Fantasy Tokens Edicion Mitica.pdf,8,7,Edición Mítica,MITICA-052,texto de cartas,"Orco Berseker. (nº052. Edición Mítica). Tipo: Token de Criatura. Coste/Fuerza: 10. ""El Orco Berseker no se gira al atacar. Dureza (la criatura obtiene +2 a su Fuerza por cada criatura que lo bloquee)."
Fantasy Tokens Edicion Mitica.pdf,8,7,Edición Mítica,MITICA-053,texto de cartas,"Orco Batidor. (nº053. Edición Mítica). Tipo: Token de Criatura. Coste/Fuerza: 10. ""El Orco Batidor tiene la siguiente habilidad: gira el Orco, pagar 5: infringe 5 Heridas a la criatura o jugador objetivo."""
Fantasy Tokens Edicion Mitica.pdf,8,7,Edición Mítica,MITICA-054,texto de cartas,"Orco Mercenario. (nº054. Edición Mítica). Tipo: Token de Criatura. Coste/Fuerza: 10. ""Dureza. El Orco Mercenario no se gira al atacar. Si este Token es girado de alguna forma, no se endereza de forma normal."""
Fantasy Tokens Edicion Mitica.pdf,8,7,Edición Mítica,MITICA-055,texto de cartas,"Orco Cavernario. (nº055. Edición Mítica). Tipo: Token de Criatura. Coste/Fuerza: 10. ""Dureza. El Orco Cavernario, cuando entra al tablero de juego, declara Duelo sobre la criatura objetivo que posee el oponente. Si no hay criaturas que desa"
Fantasy Tokens Edicion Mitica.pdf,8,7,Edición Mítica,MITICA-056,texto de cartas,"Orco Sargento. (nº056. Edición Mítica). Tipo: Token de Criatura. Coste/Fuerza: 15. ""El Orco Sargento no se gira al atacar. Inmunidad a Recursos Rápidos, otorga +5 a la Fuerza a todos los demás tipos de criatura Orco, Goblin, Elfo Oscuro o Z"
Fantasy Tokens Edicion Mitica.pdf,8,7,Edición Mítica,MITICA-057,texto de cartas,"Orco Chamán. (nº057. Edición Mítica). Tipo: Token de Criatura. Coste/Fuerza: 10. ""Sacrificar o remover un Orco a la Pila de Descartes sin transmutar: busca una carta de Fantasy Tokens Edición Mítica Página 8 Recurso Rápido de tu mazo de Rec"
Fantasy Tokens Edicion Mitica.pdf,9,8,Edición Mítica,MITICA-058,texto de cartas,"Orco Anciano. (nº058. Edición Mítica). Tipo: Token de Criatura. Coste/Fuerza: 10. ""El Orco Anciano no se gira al atacar. Si esta carta fuera a ir a la Pila de Descartes, o fuera transmutada, busca una carta de Orco de tu mazo de Recursos y"
Fantasy Tokens Edicion Mitica.pdf,9,8,Edición Mítica,MITICA-059,texto de cartas,"Furia Sangrienta, Rey de los Orcos. (nº059. Edición Mítica). Tipo: Token de Criatura/Señor de los Reinos. Coste/Fuerza: 20. ""Inmunidad a Eventos, Recursos Rápidos y Habilidades de permanentes. Pagar 5 de Fuerza: todos los Orcos, Goblins y E"
Fantasy Tokens Edicion Mitica.pdf,9,8,Edición Mítica,MITICA-060,texto de cartas,"Rito Ancestral. (nº060. Edición Mítica). Tipo: Recurso Rápido. Coste: 10. ""Busca cinco cartas del mismo tipo de tu mazo de Recursos, elige dos de ellas y ponlas en tu mano, el resto envíalas a la Pila de Descartes. Remueve esta carta a la P"
Fantasy Tokens Edicion Mitica.pdf,9,8,Edición Mítica,MITICA-061,texto de cartas,"Poder Primigenio. (nº061. Edición Mítica). Tipo: Recurso Rápido. Coste: 10. ""Hasta el final del turno, no existe Fase de Combate. Remueve esta carta a la Pila de Descartes."""
Fantasy Tokens Edicion Mitica.pdf,9,8,Edición Mítica,MITICA-062,texto de cartas,"Pacto de los Sabios. (nº062. Edición Mítica). Tipo: Recurso Rápido. Coste: 10. ""Hasta el final del turno, no existe Fase de Robo. Remueve esta carta a la Pila de Descartes."""
Fantasy Tokens Edicion Mitica.pdf,9,8,Edición Mítica,MITICA-063,texto de cartas,"Pacto Siniestro. (nº063. Edición Mítica). Tipo: Evento. Coste: 10. ""Esta carta entra en juego siendo un permanente con la siguiente habilidad, y no puede ser transmutado o destruido de ninguna forma: no existe paso de enderezar o Fase de Ma"
Fantasy Tokens Edicion Mitica.pdf,9,8,Edición Mítica,MITICA-064,texto de cartas,"Posesión Chamánica. (nº064. Edición Mítica). Tipo: Recurso Rápido. Coste: 10. ""Asume el control de la criatura legendaria objetivo hasta el final del turno, después remueve esta carta a la Pila de Descartes."""
Fantasy Tokens Edicion Mitica.pdf,9,8,Edición Mítica,MITICA-065,texto de cartas,"Zombi de la Ciénaga. (nº065. Edición Mítica). Tipo: Token de Criatura. Coste/Fuerza: 5. ""El Zombi de la Ciénaga entra en juego girado. Infectar: cada vez que haga daño de combate a una criatura, esta pierde 5 puntos a su Fuerza, aunque sigu"
Fantasy Tokens Edicion Mitica.pdf,9,8,Edición Mítica,MITICA-066,texto de cartas,"Zombi de la Horda. (nº066. Edición Mítica). Tipo: Token de Criatura. Coste/Fuerza: 5. ""Cuando el Zombi de la Horda entre a juego, busca una carta con el mismo nombre en tu mazo de Recursos y ponla en tu mano, a continuación, baraja."""
Fantasy Tokens Edicion Mitica.pdf,9,8,Edición Mítica,MITICA-067,texto de cartas,"Zombi Guerrero. (nº067. Edición Mítica). Tipo: Token de Criatura. Coste/Fuerza: 10. ""Dureza, no se gira al atacar. Pagar 5 Pasos: el Zombi objetivo previene los 5 primeros puntos de Heridas por daño recibido de cualquier fuente."""
Fantasy Tokens Edicion Mitica.pdf,9,8,Edición Mítica,MITICA-068,texto de cartas,"Zombi Arcanista. (nº068. Edición Mítica). Tipo: Token de Criatura. Coste/Fuerza: 10. ""Pagar 5 Pasos, gira el Zombi Arcanista: busca una carta de Recurso Rápido o Evento de tu mazo de Recursos, ponla en tu mano, baraja."""
Fantasy Tokens Edicion Mitica.pdf,9,8,Edición Mítica,MITICA-069,texto de cartas,"Zombi Sargento. (nº069. Edición Mítica). Tipo: Token de Criatura. Coste/Fuerza: 10. ""Todos los demás zombis obtienen +5 a su Fuerza. Inmunidad a Recursos Rápidos."""
Fantasy Tokens Edicion Mitica.pdf,9,8,Edición Mítica,MITICA-070,texto de cartas,"Zombi Táctico. (nº070. Edición Mítica). Tipo: Token de Criatura. Coste/Fuerza: 10. ""Siempre que un Zombi vaya a la Pila de Descartes, gira el Zombi Táctico: envía ese Token desde la Pila a tu mazo de Recursos, baraja."" Fantasy Tokens Edició"
Fantasy Tokens Edicion Mitica.pdf,10,9,Edición Mítica,MITICA-071,texto de cartas,"El Nigromante. (nº071. Edición Mítica). Tipo: Token de Criatura. Coste/Fuerza: 10. ""Siempre que una criatura fuera a ir a la Pila de Descartes, puedes pagar 5 Pasos: pon bajo tu control una ficha de Zombi de Fuerza 5. Esta ficha no puede se"
Fantasy Tokens Edicion Mitica.pdf,10,9,Edición Mítica,MITICA-072,texto de cartas,"Aberración Necrótica. (nº072. Edición Mítica). Tipo: Token de Criatura. Coste/Fuerza: 10 Heridas, 5 Pasos, 5 cartas del mazo a la Pila de Descartes. ""La Aberración entra en juego girada, y es inmune a Recursos Rápidos y Eventos. Destruir un"
Fantasy Tokens Edicion Mitica.pdf,10,9,Edición Mítica,MITICA-073,texto de cartas,"Aberración del Abismo. (nº073. Edición Mítica). Tipo: Token de Criatura. Coste/Fuerza: 20. ""La Aberración entra en juego girada. Inmunidad a Eventos y Recursos Rápidos. Pagar 10 Heridas: endereza la Aberración, destruye todos los permanente"
Fantasy Tokens Edicion Mitica.pdf,10,9,Edición Mítica,MITICA-074,texto de cartas,"Señor de los Muertos. (nº074. Edición Mítica). Tipo: Token de Criatura. Coste/Fuerza: 15. ""El Señor de los Muertos no puede ser enviado a la Pila de Descartes, si fuera a ser destruido, mándalo a tu mano. +5 a la Fuerza a todas las criatura"
Fantasy Tokens Edicion Mitica.pdf,10,9,Edición Mítica,MITICA-075,texto de cartas,"Pazuzu, Señor Liche. (nº075. Edición Mítica). Tipo: Token de Criatura/Señor de los Reinos. Coste/Fuerza: 20. ""Pagar 5 de Fuerza: todos los monstruos de tipo Primigenio, Aberración o Zombi obtienen +5 a su Fuerza hasta el fin del turno. Paga"
Fantasy Tokens Edicion Mitica.pdf,10,9,Edición Mítica,MITICA-076,texto de cartas,"Revelación Cósmica. (nº076. Edición Mítica). Tipo: Recurso Rápido. Coste: 5. ""Nombra una carta de tu mazo, comienza a mandar cartas de tu mazo de Recursos a la Pila, hasta que la encuentres y ponla en tu mano. Manda esta carta a la Pila de"
Fantasy Tokens Edicion Mitica.pdf,10,9,Edición Mítica,MITICA-077,texto de cartas,"Gema del Conocimiento. (nº077. Edición Mítica). Tipo: Evento. Coste: 5. ""La Gema del Conocimiento es Indestructible. En cada Fase de Mantenimiento, mira las tres primeras cartas de tu mazo de Recursos, escoge una de ellas, manda el resto a"
Fantasy Tokens Edicion Mitica.pdf,10,9,Edición Mítica,MITICA-078,texto de cartas,"Gema del Génesis. (nº078. Edición Mítica). Tipo: Evento. Coste: 5. ""La Gema del Génesis es Indestructible. En cada Fase de Mantenimiento, roba tres cartas de tu mazo, baraja."""
Fantasy Tokens Edicion Mitica.pdf,10,9,Edición Mítica,MITICA-079,texto de cartas,"Gema de la Vida. (nº079. Edición Mítica). Tipo: Evento. Coste: 5. ""La Gema de la Vida es Indestructible. En cada Fase de Mantenimiento, ganas tres Heridas hasta llegar a tu máximo permitido."""
Fantasy Tokens Edicion Mitica.pdf,10,9,Edición Mítica,MITICA-080,texto de cartas,"Gema de la Abundancia. (nº080. Edición Mítica). Tipo: Evento. Coste: 5. ""La Gema de la Abundancia es Indestructible. En cada Fase de Mantenimiento, suma tres Pasos adicionales a tu Reserva."""
Fantasy Tokens Edicion Mitica.pdf,10,9,Edición Mítica,MITICA-081,texto de cartas,"Gema del Atardecer. (nº081. Edición Mítica). Tipo: Evento. Coste: 5. ""La Gema del Atardecer es Indestructible. En cada Fase de Mantenimiento el jugador objetivo descarta hasta tres cartas de su mano."""
Fantasy Tokens Edicion Mitica.pdf,10,9,Edición Mítica,MITICA-082,texto de cartas,"Gema de las Tinieblas. (nº082. Edición Mítica). Tipo: Evento. Coste: 5. ""La Gema de las Tinieblas es Indestructible. En cada Fase de Mantenimiento, el jugador objetivo pierde tres vidas."""
Fantasy Tokens Edicion Mitica.pdf,10,9,Edición Mítica,MITICA-083,texto de cartas,"Gema de la Escasez. (nº083. Edición Mítica). Tipo: Evento. Coste: 5. ""La Gema de la Escasez es Indestructible. En cada Fase de Mantenimiento, el jugador objetivo pierde tres Pasos de su Reserva."" Fantasy Tokens Edición Mítica Página 10"
Fantasy Tokens Edicion Mitica.pdf,11,10,Edición Mítica,MITICA-084,texto de cartas,"Gema de la Tormenta. (nº084. Edición Mítica). Tipo: Evento. Coste: 5. ""La Gema de la Tormenta es Indestructible. En cada Fase de Mantenimiento, infringe tres Heridas a la criatura o jugador objetivo."""
Fantasy Tokens Edicion Mitica.pdf,11,10,Edición Mítica,MITICA-085,texto de cartas,"Gema de la Naturaleza. (nº085. Edición Mítica). Tipo: Evento. Coste: 5. ""La Gema de la Naturaleza es Indestructible. Reduce en un Paso el coste de todas las criaturas."""
Fantasy Tokens Edicion Mitica.pdf,11,10,Edición Mítica,MITICA-086,texto de cartas,"Pétalo del Verano. (nº086. Edición Mítica). Tipo: Evento. Coste: 5 Heridas. ""Suma cinco Pasos a tu Reserva. Remueve esta carta a la Pila de Descartes."""
Fantasy Tokens Edicion Mitica.pdf,11,10,Edición Mítica,MITICA-087,texto de cartas,"Pétalo del Invierno. (nº087. Edición Mítica). Tipo: Evento. Coste: 5 cartas del mazo a la Pila. ""Suma cinco Pasos a tu Reserva. Manda este naipe a la Pila de Descartes y descártate de una carta de tu mano."""
Fantasy Tokens Edicion Mitica.pdf,11,10,Edición Mítica,MITICA-088,texto de cartas,"Pétalo de Arcadia. (nº088. Edición Mítica). Tipo: Evento. Coste: 10 Heridas/Turno. ""El Pétalo de Arcadia es Indestructible, y absorbe cinco Pasos del jugador objetivo por turno. Si dejas de pagar su coste de mantenimiento, envíalo a la Pila"
Fantasy Tokens Edicion Mitica.pdf,11,10,Edición Mítica,MITICA-089,texto de cartas,"Aprendiz de Mago. (nº089. Edición Mítica). Tipo: Evento Legendario. Coste: 10. ""El Aprendiz es Indestructible, inmune a Eventos y Recursos Rápidos. Pagar cinco Pasos: busca tres cartas de tu mazo, elige una de ellas, ponla en tu mano y el r"
Fantasy Tokens Edicion Mitica.pdf,11,10,Edición Mítica,MITICA-090,texto de cartas,"Marioneta Animada. (nº090. Edición Mítica). Tipo: Evento Legendario. Coste: 10. ""La Marioneta es un permanente Indestructible. Pagar diez Pasos: transforma la Marioneta en cualquier permanente de tu baraja hasta el fin del turno siguiente."""
Fantasy Tokens Edicion Mitica.pdf,11,10,Edición Mítica,MITICA-100,texto de cartas,"Fragmento de Pirita. (nº100. Edición Mítica). Tipo: Evento Legendario. Coste: 10. ""El Fragmento de Pirita es Indestructible. En cada Fase de Mantenimiento, tira una moneda a cara o cruz: si ganas, roba cinco Pasos de la Reserva del oponente"
Fantasy Tokens Edicion Mitica.pdf,11,10,Edición Mítica,MITICA-101,texto de cartas,"Fragmento de Máscara. (nº101. Edición Mítica). Tipo: Evento Legendario. Coste: 10. ""El Fragmento de Máscara es removido a la Pila de Descartes según sale a juego. El oponente deja su mano en la Pila de Descartes y pone la mitad de su mazo e"
Fantasy Tokens Edicion Mitica.pdf,11,10,Edición Mítica,MITICA-102,texto de cartas,"Canticos del Antiguo Chamán, (nº102. Edición Mítica). Tipo: Recurso Legendario. Coste: 10. ""Descarta tu mano, roba seis cartas, pierdes quince Heridas, manda la mitad de tu mazo a la Pila de Descartes."""
Fantasy Tokens Edicion Mitica.pdf,11,10,Edición Mítica,MITICA-103,texto de cartas,"Cetro del Bufón. (nº103. Edición Mítica). Tipo: Artefacto Legendario. Coste: 20. ""Este Token es un permanente Indestructible. Pagar cinco Pasos: juega una carta de tu mano sin pagar su coste, pierdes tantas Heridas como su valor en Pasos. R"
Fantasy Tokens Edicion Mitica.pdf,11,10,Edición Mítica,MITICA-104,texto de cartas,"Cáliz Místico. (nº104. Edición Mítica). Tipo: Artefacto Legendario. Coste: 50. ""Este naipe es un permanente Indestructible, inmune a Eventos y Recurso Rápidos o Habilidades. Si al final de la partida tienes el Cáliz, ganas esta ronda. Manda"
Fantasy Tokens Edicion Mitica.pdf,11,10,Edición Mítica,MITICA-105,texto de cartas,"Esfinge Ancestral. (nº105. Edición Mítica). Tipo: Criatura Legendaria. Coste/Fuerza: 25. Vuelo, Dureza, no se gira al atacar, inmune a Eventos y Recursos Rápidos. Mandar veinticinco cartas a la Pila desde tu mazo: juega la Esfinge sin pagar"
Fantasy Tokens Edicion Mitica.pdf,11,10,Edición Mítica,MITICA-106,texto de cartas,"Zorchang, el Señor de la Magia. (nº106, Edición Mítica). Tipo: Señor de los Reinos. Coste: 30. ""Pagar cinco de Fuerza: infringe cinco Heridas a la criatura y o jugador Fantasy Tokens Edición Mítica Página 11 objetivo, roba una carta por Her"
Fantasy Tokens Edicion Mitica.pdf,12,11,Edición Mítica,MITICA-107,texto de cartas,"Golem Primordial. (nº107. Edición Mítica). Tipo: Artefacto Legendario. Coste: 20. ""El Golem Primordial es Indestructible e inmune a Eventos y Recursos Rápidos, pero no puede ser enderezado de manera normal. Pagar diez Pasos, enderezar el Go"
Fantasy Tokens Edicion Mitica.pdf,12,11,Edición Mítica,MITICA-108,texto de cartas,"Cronos, el Devorador. (nº108. Edición Mítica). Tipo: Criatura Divina/Deidad. Coste: 25. ""Cronos es un permanente Indestructible, inmune a Eventos y Recursos Rápidos o Habilidades. En cada mantenimiento, gira tres permanentes del jugador obj"
Fantasy Tokens Edicion Mitica.pdf,12,11,Edición Mítica,MITICA-109,texto de cartas,"Otra Dimensión. (nº109. Edición Mítica). Tipo: Recurso Rápido. Coste: 25. ""Puedes pagar veinticinco Heridas en vez del coste en Pasos de esta carta, o mandar veinticinco cartas del mazo a la Pila. Cuando este naipe entre en juego, remueve t"
Fantasy Tokens Edicion Mitica.pdf,12,11,Edición Mítica,MITICA-110,texto de cartas,"Prisma del Tiempo. (nº110. Edición Mítica). Tipo: Evento. Coste: 10. ""El Prisma del Tiempo es un permanente Indestructible. Pagar diez Pasos: coge un turno extra después de este. Remover el Prisma a la Pila: coge un turno extra después de e"
Fantasy Tokens Edicion Mitica.pdf,12,11,Edición Mítica,MITICA-111,texto de cartas,"Runa del Éter. (nº111. Edición Mítica). Tipo: Evento Legendario. Coste: 10. ""Cuando la Runa del Éter entre en juego, se transforma en un permanente Indestructible, mientras este en juego, no recibes daño de combate, Recursos Rápidos o Habil"
Fantasy Tokens Edicion Mitica.pdf,12,11,Edición Mítica,MITICA-112,texto de cartas,"El Inmortal Errante. (nº112. Edición Mítica). Tipo: Criatura Legendaria. Coste: 5. ""Puedes mandar cinco cartas del mazo a la Pila en vez de pagar el coste en Pasos del Inmortal. Indestructible, no se gira al atacar. Pagar 5 Pasos: manda el"
Fantasy Tokens Edicion Mitica.pdf,12,11,Edición Mítica,MITICA-113,texto de cartas,"Duelo Final. (nº113. Edición Mítica). Tipo: Evento Legendario. Coste: 25. ""En tu Fase Legendaria, cada jugador manda cartas del mazo a la Pila de Descartes, infringiendo a su oponente tantas Heridas como cartas hasta acabar el mazo. Sino ga"
Fantasy Tokens Edicion Mitica.pdf,12,11,Edición Mítica,MITICA-114,texto de cartas,"Transmutación de las Esferas. (nº114. Edición Mítica). Tipo: Evento Legendario. Coste: 20. ""En tu Fase Legendaria, transforma todos los permanentes de la mesa en fichas de Pixie de Fuerza cinco. Estas fichas no pueden ser transmutadas."""
Fantasy Tokens Edicion Mitica.pdf,12,11,Edición Mítica,MITICA-115,texto de cartas,"Akeless, la Sombra del Abismo. (nº115. Edición Mítica). Tipo: Señor del Abismo. Coste: 50, o manda cincuenta cartas de tu mazo a la Pila y pierde cincuenta Heridas. ""Inmunidad a Eventos, Recursos Rápidos y Habilidades, Indestructible. Pagar"
Fantasy Tokens Edicion Mitica.pdf,13,12,Edición Mítica,MITICA-116,texto de cartas,"Lanza Solar. (nº116. Edición Mítica). Tipo: Artefacto Legendario. Coste: 10. ""La Lanza Solar se equipa por cero Pasos a la criatura objetivo, y la hace inmune a Eventos y Recursos Rápidos, otorgando +10 a su Fuerza. No se gira al atacar."""
Fantasy Tokens Edicion Mitica.pdf,13,12,Edición Mítica,MITICA-117,texto de cartas,"Imperfección. (nº117. Edición Mítica). Tipo: Recurso Rápido. Coste: 10. ""Escoge tres permanentes del jugador objetivo, súbeselos a la mano, no pueden ser transmutados. Remueve este naipe a la Pila de Descartes."""
Fantasy Tokens Edicion Mitica.pdf,13,12,Edición Mítica,MITICA-118,texto de cartas,"Elfo Oscuro. (nº118. Edición Mítica). Tipo: Token de Criatura. Coste/Fuerza: 10. ""Dureza, no se gira al atacar. Siempre que el Elfo Oscuro haga daño letal a una criatura, no puede ser transmutada."""
Fantasy Tokens Edicion Mitica.pdf,13,12,Edición Mítica,MITICA-119,texto de cartas,"Elfo Oscuro Duelista. (nº119. Edición Mítica). Tipo: Token de Criatura. Coste/Fuerza: 10. ""Dureza, inmunidad a Recursos Rápidos, ataca dos veces."""
Fantasy Tokens Edicion Mitica.pdf,13,12,Edición Mítica,MITICA-120,texto de cartas,"Elfo Oscuro Batidor. (nº120. Edición Mítica). Tipo: Token de Criatura. Coste/Fuerza: 10. ""Dureza, inmunidad a Eventos. Pagar cinco Pasos: destruye la criatura objetivo con Fuerza inferior al Elfo Batidor."""
Fantasy Tokens Edicion Mitica.pdf,13,12,Edición Mítica,MITICA-121,texto de cartas,"Elfo Oscuro Arcano. (nº121. Edición Mítica). Tipo: Token de Criatura. Coste/Fuerza: 10. ""Dureza, inmunidad a Recursos Rápidos. Gira esta carta: busca un Recurso Rápido de tu mazo de Recursos y ponlo en tu mano, mezcla tu baraja."""
Fantasy Tokens Edicion Mitica.pdf,13,12,Edición Mítica,MITICA-122,texto de cartas,"Elfo Oscuro Adivino. (nº122. Edición Mítica). Tipo: Token de Criatura. Coste/Fuerza: 10. ""Dureza, inmunidad a Eventos. Pagar cinco Pasos: mira las cinco primeras cartas de tu mazo de Recursos, colócalas en cualquier orden."""
Fantasy Tokens Edicion Mitica.pdf,13,12,Edición Mítica,MITICA-123,texto de cartas,"Elfo Oscuro Pretoriano. (nº123. Edición Mítica). Tipo: Token de Criatura. Coste/Fuerza: 15. ""Dureza, inmunidad a Eventos y Recursos Rápidos. +5 a la Fuerza de todos los Elfos Oscuros restantes. No se gira al atacar."""
Fantasy Tokens Edicion Mitica.pdf,13,12,Edición Mítica,MITICA-124,texto de cartas,"Sabine, la Princesa Oscura. (nº124. Edición Mítica). Tipo: Token de Criatura/Señor de los Reinos. Coste/Fuerza: 25. ""Sabine es un Elfo Oscuro, inmunidad a Eventos o Recursos Rápidos. Pagar cinco de Fuerza: +5 a la Fuerza de todos los Goblin"
Fantasy Tokens Edicion Mitica.pdf,13,12,Edición Mítica,MITICA-125,texto de cartas,"El Emperador Oscuro. (nº125. Edición Mítica). Tipo: Señor de los Reinos. Coste/Fuerza: 30. ""Dureza, inmunidad a Eventos y Recursos Rápidos o Habilidades, no se gira al atacar. +5 a la Fuerza de todos los Elfos Oscuros. Pagar 5 Pasos: destru"
Fantasy Tokens Edicion Mitica.pdf,13,12,Edición Mítica,MITICA-126,texto de cartas,"Odrick Barba Azul. (nº126. Edición Mítica). Tipo: Señor de los Reinos. Coste/Fuerza: 20. ""Dureza, inmunidad a Eventos y Recursos, no se gira al atacar. Pagar cinco Pasos: gira la criatura objetivo, ya no se endereza de forma normal. Pagar d"
Fantasy Tokens Edicion Mitica.pdf,13,12,Edición Mítica,MITICA-127,texto de cartas,"Sebastián, Clérigo Jubilado. (nº127. Edición Mítica). Tipo: Token de Criatura. Coste/Fuerza: 10. ""Dureza, inmunidad a Eventos y Recursos Rápidos. Si la carta Fantasy Tokens Edición Mítica Página 13 llamada Odrick Barba Azul está en juego, b"
Fantasy Tokens Edicion Mitica.pdf,14,13,Edición Mítica,MITICA-128,texto de cartas,"Garruck, Colmillo Furioso. (nº128. Edición Mítica). Tipo: Token de Criatura. Coste/Fuerza: 15. ""Dureza, inmunidad a Eventos y Recursos Rápidos. Si una carta llamada Odrick Barba Azul está en juego, búscala de tu mazo y ponla en juego sin pa"
Fantasy Tokens Edicion Mitica.pdf,14,13,Edición Mítica,MITICA-129,texto de cartas,"Ferrick Barba Roja. (nº129. Edición Mítica). Tipo: Token de Criatura. Coste/Fuerza: 20. ""Dureza, inmunidad a Eventos y Recursos Rápidos, no se gira al atacar, si Odrick Barba Azul está en juego, -5 a la Fuerza de todos los Goblins, Orcos y"
Fantasy Tokens Edicion Mitica.pdf,14,13,Edición Mítica,MITICA-130,texto de cartas,"Capa del Señor Oscuro. (nº130. Edición Mítica). Tipo: Token de Criatura. Coste: 10. ""+10 a la Fuerza de la criatura objetivo, no se gira al atacar, se equipa por cero Pasos, inmunidad a Eventos y Recursos Rápidos. A la carta llamada Odrick"
Fantasy Tokens Edicion Mitica.pdf,14,13,Edición Mítica,MITICA-131,texto de cartas,"Demasiado Mayor Para Esto. (nº131. Edición Mítica). Tipo: Recurso Rápido. Coste: 10. ""La criatura designada no puede ser objetivo de Eventos, Recursos Rápidos o Habilidades. Roba dos cartas de tu mazo de Recursos. Remueve esta carta a la Pi"
Fantasy Tokens Edicion Mitica.pdf,14,13,Edición Mítica,MITICA-132,texto de cartas,"Descenso al Inframundo. (nº132. Edición Mítica). Tipo: Evento. Coste: 10. ""Busca una carta de Zombi, Elfo Oscuro, Goblin, Orco o Demonio de tu baraja de tipo Señor y ponla en tu mano, mezcla tu baraja. Envía este naipe a la Pila."""
Fantasy Tokens Edicion Mitica.pdf,14,13,Edición Mítica,MITICA-133,texto de cartas,"Sombra Burlesca. (nº133. Edición Mítica). Tipo: Token de Criatura. Coste/Fuerza: 10. ""Intangible, solo puede ser dañado por criaturas del tipo Espíritu, Ángel o Demonio, o equipos legendarios. Girar la Sombra: anéxala a la criatura objetivo"
Fantasy Tokens Edicion Mitica.pdf,14,13,Edición Mítica,MITICA-134,texto de cartas,"Espíritu Encadenado. (nº134. Edición Mítica). Tipo: Token de Criatura. Coste/Fuerza: 10. ""Intangible, Vuelo, no se gira al atacar. Pagar cinco Pasos: gira el permanente objetivo, no se endereza hasta que esta carta sea destruida o removida"
Fantasy Tokens Edicion Mitica.pdf,14,13,Edición Mítica,MITICA-135,texto de cartas,"Alma en Pena. (nº135. Edición Mítica). Tipo: Token de Criatura. Coste/Fuerza: 10. ""Intangible, Vuelo, no se gira al atacar. Pagar diez Pasos: el jugador objetivo pierde diez Pasos de su Reserva y los ganas tú."""
Fantasy Tokens Edicion Mitica.pdf,14,13,Edición Mítica,MITICA-136,texto de cartas,"Espíritu Atormentado. (nº136. Edición Mítica). Tipo: Token de Criatura. Coste/Fuerza: 10. ""Intangible, Vuelo, no se gira al atacar. Pagar cinco Pasos: la criatura objetivo no puede usar sus Habilidades."""
Fantasy Tokens Edicion Mitica.pdf,14,13,Edición Mítica,MITICA-137,texto de cartas,"Poltergeist. (nº137. Edición Mítica). Tipo: Token de Criatura. Coste/Fuerza: 20. ""Sacrificar un Espíritu: reduce el coste de Poltergeist en cinco Pasos por cada uno y gana cinco Pasos. Cuando este naipe entre en juego, anéxalo al Señor obje"
Fantasy Tokens Edicion Mitica.pdf,14,13,Edición Mítica,MITICA-138,texto de cartas,"Payasito Oscuro. (nº138. Edición Mítica). Tipo: Token de Criatura. Coste/Fuerza: 10. ""El Payasito es inmune a Habilidades y Recursos Rápidos. Pagar cinco Pasos: busca cinco cartas de criatura del mazo objetivo, mándalas a la Pila de Descart"
Fantasy Tokens Edicion Mitica.pdf,14,13,Edición Mítica,MITICA-139,texto de cartas,"Sebastiano el Titiritero. (nº139. Edición Mítica). Tipo: Token de Criatura. Coste/Fuerza: 20. ""Inmunidad a Recursos Rápidos y Eventos, o Habilidades. Sebastiano no puede atacar o bloquear. Pagar diez Pasos: genera una ficha de marioneta con"
Fantasy Tokens Edicion Mitica.pdf,15,14,Edición Mítica,MITICA-140,texto de cartas,"Ángel de la Guarda. (nº140. Edición Mítica). Tipo: Token de Criatura. Coste/Fuerza: 15. ""Vuelo, inmunidad a Eventos, no se gira al atacar. Pagar cinco Pasos: la criatura objetivo no puede ser destruida por daño de combate."""
Fantasy Tokens Edicion Mitica.pdf,15,14,Edición Mítica,MITICA-141,texto de cartas,"Ángel de Piedad. (nº141. Edición Mítica). Tipo: Token de Criatura. Coste/Fuerza: 15. ""Vuelo, inmunidad a Recursos Rápidos, Dureza. Pagar cinco Pasos: recupera cinco Heridas a la criatura o jugador objetivo."""
Fantasy Tokens Edicion Mitica.pdf,15,14,Edición Mítica,MITICA-142,texto de cartas,"Ángel de la Justicia. (nº142. Edición Mítica). Tipo: Token de Criatura. Coste/Fuerza: 15. ""Vuelo, Dureza, ataca dos veces, inmunidad a Recursos Rápidos. Si fuera a ir a la Pila de Descartes, destruye la criatura objetivo. No puede ser trans"
Fantasy Tokens Edicion Mitica.pdf,15,14,Edición Mítica,MITICA-143,texto de cartas,"Ángel de la Verdad. (nº143. Edición Mítica). Tipo: Token de Criatura. Coste/Fuerza: 15. ""Vuelo, Dureza, inmunidad a Eventos. Pagar cinco Pasos: busca una carta de Elfo, Duende, Pixie o Ángel y ponla en tu mano, mezcla tu baraja."""
Fantasy Tokens Edicion Mitica.pdf,15,14,Edición Mítica,MITICA-144,texto de cartas,"Ángel de la Muerte. (nº144. Edición Mítica). Tipo: Token de Criatura. Coste/Fuerza: 20. ""Vuelo, Dureza, inmunidad a Eventos, Recursos Rápidos y Habilidades. Pagar diez Pasos: destruye la criatura objetivo, no puede ser transmutada, el jugad"
Fantasy Tokens Edicion Mitica.pdf,15,14,Edición Mítica,MITICA-145,texto de cartas,"Arcángel. (nº145. Edición Mítica). Tipo: Token de Criatura. Coste/Fuerza: 30. ""Vuelo, Dureza, inmunidad a Eventos y Recursos Rápidos o Habilidades. Girar el Arcángel: busca una carta con el tipo de criatura Ángel y ponlo en tu mano. Todos l"
Fantasy Tokens Edicion Mitica.pdf,15,14,Edición Mítica,MITICA-146,texto de cartas,"Redención. (nº146. Edición Mítica). Tipo: Recurso Rápido. Coste: 5. ""Devuelve la criatura objetivo de la Pila de Descartes al tablero de juego si fue previamente jugada, pierdes cinco Heridas como pago adicional. Remueve esta carta a la Pil"
Fantasy Tokens Edicion Mitica.pdf,15,14,Edición Mítica,MITICA-147,texto de cartas,"Renovación. (nº147. Edición Mítica). Tipo: Recurso Rápido. Coste: 5. ""Devuelve la carta de Evento o Recurso Rápido de la Pila de Descartes a tu mano. Remueve esta carta a la Pila."""
Fantasy Tokens Edicion Mitica.pdf,15,14,Edición Mítica,MITICA-148,texto de cartas,"Reconstrucción. (nº148. Edición Mítica). Tipo: Recurso Rápido. Coste: 5. ""Devuelve la carta de Equipo o Artefacto de la Pila a tu mano. Remueve esta carta a la Pila."""
Fantasy Tokens Edicion Mitica.pdf,15,14,Edición Mítica,MITICA-149,texto de cartas,"Revancha. (nº149. Edición Mítica). Tipo: Recurso Rápido. Coste: 5. ""Baraja tu Pila y tu mazo, roba una carta. Remueve este naipe a la Pila."""
Fantasy Tokens Edicion Mitica.pdf,15,14,Edición Mítica,MITICA-150,texto de cartas,"Glifos Antiguos. (nº150. Edición Mítica). Tipo: Artefacto. Coste: 10. ""Los Glifos Antiguos entran a juego como un permanente. Pagar cinco Pasos: busca un Evento de tu baraja, juégalo por cinco Paso menos de su coste real. Pagar diez Pasos:"
Fantasy Tokens Edicion Mitica.pdf,15,14,Edición Mítica,MITICA-151,texto de cartas,"Ninfa de los Bosques. (nº151. Edición Mítica). Tipo: Token de Criatura. Coste/Fuerza: 10. ""Cuando esta carta entre en juego, gira tres cartas o permanentes del jugador objetivo. Para poder enderezarlas, deberá pagar cinco Pasos por cada una"
Fantasy Tokens Edicion Mitica.pdf,15,14,Edición Mítica,MITICA-152,texto de cartas,"Ninfa Seductora. (nº152. Edición Mítica). Tipo: Token de Criatura. Coste/Fuerza: 10. ""Girar la Ninfa Seductora: gira el permanente objetivo controlado por otro jugador. No se enderezará hasta que no endereces la Ninfa Seductora."" Fantasy To"
Fantasy Tokens Edicion Mitica.pdf,16,15,Edición Mítica,MITICA-153,texto de cartas,"Ninfa Naturista. (nº153. Edición Mítica). Tipo: Token de Criatura. Coste/Fuerza: 10. ""Cuando esta carta entre en el tablero de juego, se convierte en un permanente Indestructible. No existe Fase de Combate, no pueden jugarse Artefactos o Eq"
Fantasy Tokens Edicion Mitica.pdf,16,15,Edición Mítica,MITICA-154,texto de cartas,"Ninfa Abjuradora. (nº154. Edición Mítica). Tipo: Token de Criatura. Coste/Fuerza: 10. ""Girar la Ninfa Abjuradora: el Evento o Recurso Rápido objetivo no tiene lugar, remuévelo a la Pila de Descartes de su dueño."""
Fantasy Tokens Edicion Mitica.pdf,16,15,Edición Mítica,MITICA-155,texto de cartas,"Selena, Ninfa Principal. (nº155. Edición Mítica). Tipo: Token de Criatura. Coste/Fuerza: 10. ""Selena es inmune a Recursos Rápidos, Eventos y Habilidades. Pagar cinco Pasos: suma +5 a la Fuerza a todas las criaturas de tipo Pixie, Duende o N"
Fantasy Tokens Edicion Mitica.pdf,16,15,Edición Mítica,MITICA-156,texto de cartas,"Argéntea, Reina de las Ninfas. (nº156. Edición Mítica). Tipo: Token de Criatura/Señor de los Reinos. Coste/Fuerza: 20. ""Argéntea es inmune a Recursos Rápidos, Eventos y Habilidades. Pagar cinco de Fuerza: gira todas las criaturas del jugado"
Fantasy Tokens Edicion Mitica.pdf,16,15,Edición Mítica,MITICA-157,texto de cartas,"Ascenso por la Montaña Sagrada. (nº157. Edición Mítica). Tipo: Recurso Rápido. Coste: 10. ""Busca en tu mazo hasta cuatro copias de un mismo Evento o Recurso Rápido, elige dos y ponlas en tu mano, el resto en la Pila de Descartes. Manda esta"
Fantasy Tokens Edicion Mitica.pdf,16,15,Edición Mítica,MITICA-158,texto de cartas,"Meditación. (nº158. Edición Mítica). Tipo: Recurso Rápido. Coste: 5. ""Este turno no puedes ser objetivo de daño de combate o Eventos y Recurso Rápidos. Roba una carta y manda este naipe a la Pila de Descartes."""
Fantasy Tokens Edicion Mitica.pdf,16,15,Edición Mítica,MITICA-159,texto de cartas,"Paz Interior. (nº159. Edición Mítica). Tipo: Recurso Rápido. Coste: 10. ""Prevén todo el daño de combate a una, dos o tres criaturas hasta el final del turno. Remueve esta carta a la Pila de Descartes."""
Fantasy Tokens Edicion Mitica.pdf,16,15,Edición Mítica,MITICA-160,texto de cartas,"Ley del Karma. (nº160. Edición Mítica). Tipo: Recurso Rápido. Coste: 15. ""El jugador objetivo recibe tantas Heridas como la suma total de la Fuerza de sus criaturas en juego. Remueve esta carta a la Pila de Descartes."""
Fantasy Tokens Edicion Mitica.pdf,16,15,Edición Mítica,MITICA-161,texto de cartas,"Mudras Bondadosos. (nº161. Edición Mítica). Tipo: Evento Legendario. Coste: 20. ""Cuando esta carta salga al tablero de juego, pon cinco contadores de Mantra encima de la mesa. Remover un contador de Mantra : no existe Fase de Combate, prevé"
Fantasy Tokens Edicion Mitica.pdf,16,15,Edición Mítica,MITICA-162,texto de cartas,"Rosario de Mantras. (nº162. Edición Mítica). Tipo: Artefacto. Coste: 10. ""Este Token es un permanente Indestructible. Pagar cinco Pasos: mira las primeras cinco cartas de tu mazo, elige una y pon las demás en cualquier orden. Juégala en cua"
Fantasy Tokens Edicion Mitica.pdf,16,15,Edición Mítica,MITICA-163,texto de cartas,"Iluminación. (nº163. Edición Mítica). Tipo: Evento. Coste: 20. ""Si el oponente posee menos de seis cartas en la mano, roba hast a que las tenga, tu haz lo mismo. Si el oponente tiene menos de cincuenta Heridas, las recupera, tu haz lo mismo"
Fantasy Tokens Edicion Mitica.pdf,16,15,Edición Mítica,MITICA-164,texto de cartas,"Monje Iluminado. (nº164. Edición Mítica). Tipo: Token de Criatura. Coste/Fuerza: 5. ""El Monje Iluminado no puede atacar ni bloquear. Inmunidad a Recursos Rápidos."""
Fantasy Tokens Edicion Mitica.pdf,16,15,Edición Mítica,MITICA-165,texto de cartas,"Monje Orador. (nº165. Edición Mítica). Tipo: Token de Criatura. Coste/Fuerza: 5. ""El Monje Orador no puede atacar ni bloquea r. No se pueden jugar Recursos Rápidos por parte del oponente."" Fantasy Tokens Edición Mítica Página 16"
Fantasy Tokens Edicion Mitica.pdf,17,16,Edición Mítica,MITICA-166,texto de cartas,"Monje Meditando. (nº166. Edición Mítica). Tipo: Token de Criatura. Coste/Fuerza: 5. ""El Monje Meditando es inmune a Eventos, pero no puede atacar ni bloquear."""
Fantasy Tokens Edicion Mitica.pdf,17,16,Edición Mítica,MITICA-167,texto de cartas,"Monje Sabio. (nº167. Edición Mítica). Tipo: Token de Criatura. Coste/Fuerza: 10. ""El Monje Sabio no puede atacar ni bloquear. +5 a todos los Tokens de tipo Monje, inmunidad a Recursos Rápidos."""
Fantasy Tokens Edicion Mitica.pdf,17,16,Edición Mítica,MITICA-168,texto de cartas,"Monje Escogido. (nº168. Edición Mítica). Tipo: Token de Criatura. Coste/Fuerza: 10. ""El Monje Escogido no puede atacar ni bloquear. Pagar cinco Pasos: el jugador objetivo pierde su Fase de Combate, robo o mantenimiento."""
Fantasy Tokens Edicion Mitica.pdf,17,16,Edición Mítica,MITICA-169,texto de cartas,"Lama de los Montes Sagrados. (nº169. Edición Mítica). Tipo: Token de Criatura/Señor de los Reinos. Coste/Fuerza: 20. ""El Lama de los Montes Sagrados es inmune a Recursos Rápidos, Eventos, Habilidades o Tokens Legendarios. Pagar cinco de Fue"
Fantasy Tokens Edicion Mitica.pdf,17,16,Edición Mítica,MITICA-170,texto de cartas,"Arroyo Estelar. (nº170. Edición Mítica). Tipo: Recurso Rápido. Coste: 5. ""El jugador objetivo descarta una carta por cada Paso en su Reserva, y roba una carta por cada Paso en su Reserva. Vacía su Reserva y manda esta carta a la Pila de Des"
Fantasy Tokens Edicion Mitica.pdf,17,16,Edición Mítica,MITICA-171,texto de cartas,"Cielo Estrellado. (nº171. Edición Mítica). Tipo: Recurso Rápido. Coste: 10. ""Nombra una carta, comienza a mandar naipes a la Pila de Descartes hasta encontrarla y gana cinco Pasos. Ponla en tu mano, baraja, remueve esta carta a la Pila."""
Fantasy Tokens Edicion Mitica.pdf,17,16,Edición Mítica,MITICA-172,texto de cartas,"Sabiduría Ancestral. (nº172. Edición Mítica). Tipo: Evento. Coste: 10. ""Si una fuente de daño fuera a provocar Heridas, en vez de eso, la sufre el oponente objetivo. Roba una carta, envía este naipe a la Pila de Descartes."""
Fantasy Tokens Edicion Mitica.pdf,17,16,Edición Mítica,MITICA-173,texto de cartas,"Regeneración Estelar. (nº173. Edición Mítica). Tipo: Recurso Rápido. Coste: 10. ""Envía cartas de tu mazo a la Pila de Descartes, recupera una Herida por carta, pierdes un Paso por Herida sanada, hasta vaciar tu Reserva de Pasos. Envía esta"
Fantasy Tokens Edicion Mitica.pdf,17,16,Edición Mítica,MITICA-174,texto de cartas,"El Monte Sagrado. (nº174. Edición Mítica). Tipo: Evento Legendario. Coste: 25. ""Este Token es un permanente Indestructible. Mientras este en juego, no puedes perder esta partida, si es mandado a la Pila de Descartes, pierdes la partida. Pag"
Fantasy Tokens Edicion Mitica.pdf,17,16,Edición Mítica,MITICA-175,texto de cartas,"Camino de la Perfección. (nº175. Edición Mítica). Tipo: Evento. Coste: 10. ""Si tu mano no es de tu agrado, descártala y roba seis cartas nuevas. Remueve este naipe a la Pila."""
Fantasy Tokens Edicion Mitica.pdf,17,16,Edición Mítica,MITICA-176 (Nirvana),texto de cartas,"Nirvana. (nº176. Edición Mítica). Tipo: Evento Legendario. Coste: 30. ""Ya no existe fase de mantenimiento , robo, descarte o combate. Cada jugador recibe hasta diez Pasos por turno, jugando sus cartas hasta quedarse sin mano. Cuando esto su"
Fantasy Tokens Edicion Mitica.pdf,17,16,Edición Mítica,MITICA-176 (Tambor Chamánico),texto de cartas,"Tambor Chamánico. (nº176. Edición Mítica). Tipo: Ar tefacto. Coste: 10. ""Este es un permanente inmune a Eventos. Pagar cinco Pasos: destruye el permanente objetivo. Pagar diez Pasos: destruye la criatura objetivo, no puede ser transmutada."""
Fantasy Tokens Edicion Mitica.pdf,17,16,Edición Mítica,MITICA-177,texto de cartas,"Portador de Plagas. (nº177. Edición Mítica). Tipo: Token de Criatura. Coste/Fuerza: 10. ""El Portador no puede atacar ni bloquear. Resta cinco de Fuerza a todas las criaturas en juego del tablero, esta habilidad no afecta al Portador."" Fanta"
Fantasy Tokens Edicion Mitica.pdf,18,17,Edición Mítica,MITICA-178,texto de cartas,"Aberración Visionaria. (nº178. Edición Mítica). Tipo: Token de Criatura. Coste/Fuerza: 10. ""La Aberración entra en juego girada. Girar esta carta: el jugador objetivo descarta una carta, pierdes una Herida."""
Fantasy Tokens Edicion Mitica.pdf,18,17,Edición Mítica,MITICA-179,texto de cartas,"Flautista del Abismo. (nº179. Edición Mítica). Tipo: Token de Criatura. Coste/Fuerza: 10. ""El Flautista del Abismo es inmune a Eventos y Recursos Rápidos. Girar el Flautista: pierdes diez Heridas, destruye el permanente legendario objetivo."
Fantasy Tokens Edicion Mitica.pdf,18,17,Edición Mítica,MITICA-180,texto de cartas,"Cultista Cósmico. (nº180. Edición Mítica). Tipo: Token de Criatura. Coste/Fuerza: 5. ""El Cultista Cósmico no puede atacar ni bloquear. Mandar el Culti sta a la Pila de Descartes: busca en tu mazo una carta de Aberración, Primigenio o Demoni"
Fantasy Tokens Edicion Mitica.pdf,18,17,Edición Mítica,MITICA-181,texto de cartas,"Bailarín Primigenio. (nº181. Edición Mítica). Tipo: Token de Criatura. Coste/Fuerza: 10. ""El Bailarín Primigenio es inmune a Recu rsos Rápidos. Girar cinco permanentes: gira cinco permanentes del oponente objetivo, roba una carta, transmuta"
Fantasy Tokens Edicion Mitica.pdf,18,17,Edición Mítica,MITICA-182,texto de cartas,"Profeta del Abismo. (nº182. Edición Mítica). Tipo: Token de Criatura. Coste/Fuerza: 10. ""Descartar tu mano, roba de nuevo tantas cartas como hayas descartado, pierde cinco Heridas cada vez que uses esta habilidad."""
Fantasy Tokens Edicion Mitica.pdf,18,17,Edición Mítica,MITICA-183,texto de cartas,"Aniquilación. (nº183. Edición Mítica). Tipo: Recurso Rápido. Coste: 10. ""Destruye el mazo objetivo, envíalo completo a la Pila de Descartes, a continuación, haz lo mismo con el tuyo. Ya no se puede barajar la Pila con el mazo. Quien se qued"
Fantasy Tokens Edicion Mitica.pdf,18,17,Edición Mítica,MITICA-184,texto de cartas,"Ira de los Primigenios. (nº184. Edición Mítica). Tipo: Evento. Coste: 10. ""Ya no se pueden jugar criaturas ni artefactos no legendarios el rest o de la ronda, a cambio, pierdes veinte Heridas. Si hay criaturas encima del tablero, destrúyela"
Fantasy Tokens Edicion Mitica.pdf,18,17,Edición Mítica,MITICA-185,texto de cartas,"Curvatura Dimensional. (nº185. Edición Mítica). Tipo: Evento. Coste: 20. ""Regresa todas las criaturas a los mazos de sus propietarios, no pueden ser transmutadas. Sube el resto de permanentes a las manos de sus propietarios, no pueden ser t"
Fantasy Tokens Edicion Mitica.pdf,18,17,Edición Mítica,MITICA-186,texto de cartas,"Apertura del Vórtice. (nº186. Edición Mítica). Tipo: Recurso Rápido. Coste: 30. ""Descarta todas las manos, destruye todos los permanentes, envía todos los mazos a la Pila, pierde la partida el que menos Pasos posea en su Reserva, pierdes tr"
Fantasy Tokens Edicion Mitica.pdf,18,17,Edición Mítica,MITICA-187,texto de cartas,"Espacios Infinitos. (nº187. Edición Mítica). Tipo: Ev ento. Coste: 40. ""Esta carta es un permanente Indestructible. Pagar cinco Pasos: destruye el permanente objetivo. Pagar diez Pasos: la carta objetivo pierde sus habilidades. Pagar cinco"
Fantasy Tokens Edicion Mitica.pdf,18,17,Edición Mítica,MITICA-188,texto de cartas,"Sublimación. (nº188. Edición Mítica). Tipo: Recurso Rápido. Coste: 5. ""Paga el coste en Pasos de cualquier carta de tu baraja. Sácala al tablero sin necesidad de tenerla en tu mano o haberla robado."""
Fantasy Tokens Edicion Mitica.pdf,18,17,Edición Mítica,MITICA-189,texto de cartas,"Revelaciones del Infinito. (nº189. Edición Mítica). Tipo: Evento. Coste: 15. ""Hasta el fin del turno, tu mano y tu Pila de Descartes son la misma cosa. Remueve esta carta a la Pila de Descartes."""
